qid,split,subset,gold_relevant,candidate_count,max_reranker_score,ndcg5_BGE-M3 dense,ndcg5_BM25,ndcg5_BGE-M3 + BM25 RRF-60,ndcg5_BGE reranker v2-m3
1000519-0,test,non_relevant,0,10,4.218421459197998,0.0,0.0,0.0,0.0
1001232-0,dev,non_relevant,0,10,1.746354103088379,0.0,0.0,0.0,0.0
1002678-0,test,non_relevant,0,10,3.763216733932495,0.0,0.0,0.0,0.0
1004264-0,dev,non_relevant,0,10,4.527314186096191,0.0,0.0,0.0,0.0
100453-0,dev,non_relevant,0,10,-2.515292167663574,0.0,0.0,0.0,0.0
1005539-0,test,non_relevant,0,10,-3.671177625656128,0.0,0.0,0.0,0.0
1005693-0,test,non_relevant,0,10,3.033013343811035,0.0,0.0,0.0,0.0
1005794-0,dev,non_relevant,0,10,1.0923736095428467,0.0,0.0,0.0,0.0
100615#0,test,relevant,1,10,5.057507514953613,0.38685280723454163,0.5,0.38685280723454163,0.6309297535714575
1009493#0,dev,relevant,1,10,7.619760513305664,0.6509209298071326,0.6131471927654584,0.6240505200038379,0.5437713091520254
1010931-0,test,non_relevant,0,10,-3.172764301300049,0.0,0.0,0.0,0.0
1011097#0,test,relevant,1,10,4.164390563964844,1.0,0.9197207891481876,1.0,1.0
1012487#0,test,relevant,1,10,6.844207286834717,0.5,0.0,0.0,0.5
1013336-0,dev,non_relevant,0,10,-0.6137431263923645,0.0,0.0,0.0,0.0
1014315-0,dev,non_relevant,0,10,-1.5067261457443237,0.0,0.0,0.0,0.0
1014566-0,test,non_relevant,0,10,1.225517988204956,0.0,0.0,0.0,0.0
1015059#0,test,relevant,1,10,8.561591148376465,1.0,0.6309297535714575,1.0,1.0
1015527-0,test,non_relevant,0,10,1.5190787315368652,0.0,0.0,0.0,0.0
1015745-0,test,non_relevant,0,10,5.205416202545166,0.0,0.0,0.0,0.0
1017380#0,test,relevant,1,10,1.1895638704299927,0.0,0.0,0.0,0.0
1017383#0,dev,relevant,1,10,4.377895355224609,1.0,1.0,1.0,1.0
1017632#0,test,relevant,1,10,5.559277057647705,0.9469024295259745,0.2960819109658652,0.7653606369886217,0.7653606369886217
1018498-0,test,non_relevant,0,10,1.6138973236083984,0.0,0.0,0.0,0.0
10192-0,dev,non_relevant,0,10,3.056241989135742,0.0,0.0,0.0,0.0
10205-0,test,non_relevant,0,10,1.845779299736023,0.0,0.0,0.0,0.0
1020771-0,dev,non_relevant,0,10,4.900238990783691,0.0,0.0,0.0,0.0
102138-0,dev,non_relevant,0,10,2.32895827293396,0.0,0.0,0.0,0.0
1021787#0,test,relevant,1,10,3.293104648590088,1.0,1.0,1.0,1.0
1021814#0,test,relevant,1,10,5.426851272583008,0.9674679834891693,0.18154179253735267,0.49818925746641285,0.9674679834891693
1022206-0,test,non_relevant,0,10,2.671842575073242,0.0,0.0,0.0,0.0
1022475-0,test,non_relevant,0,10,3.736288070678711,0.0,0.0,0.0,0.0
1022529-0,dev,non_relevant,0,10,3.9566845893859863,0.0,0.0,0.0,0.0
1022721-0,dev,non_relevant,0,10,5.00206184387207,0.0,0.0,0.0,0.0
1022851#0,dev,relevant,1,9,8.094537734985352,0.7365896932159578,0.44149241373678083,0.592512031964586,0.8318724637288826
1023047-0,dev,non_relevant,0,10,2.994828701019287,0.0,0.0,0.0,0.0
1023919#0,test,relevant,1,10,4.453977584838867,0.5,0.38685280723454163,0.0,1.0
1024907#0,test,relevant,1,10,3.4434828758239746,0.6309297535714575,0.0,0.43067655807339306,0.6309297535714575
1025044#0,test,relevant,1,10,7.624297142028809,1.0,0.46927872602275644,0.7039180890341347,1.0
1025238-0,dev,non_relevant,0,10,0.6504467725753784,0.0,0.0,0.0,0.0
1026152#0,test,relevant,1,10,5.640236854553223,0.9197207891481876,0.0,0.6509209298071326,0.9197207891481876
1026255#0,dev,relevant,1,10,8.328231811523438,0.8687949224876582,0.21398626473452756,0.5087403079104241,0.8687949224876582
1026402#0,test,relevant,1,10,3.857804775238037,1.0,0.5,1.0,1.0
1027389#0,test,relevant,1,10,4.927630424499512,1.0,1.0,1.0,1.0
1028057-0,test,non_relevant,0,10,6.274886131286621,0.0,0.0,0.0,0.0
1028580-0,test,non_relevant,0,10,6.240506172180176,0.0,0.0,0.0,0.0
102933-0,dev,non_relevant,0,10,2.2335615158081055,0.0,0.0,0.0,0.0
1030210-0,test,non_relevant,0,10,5.330458641052246,0.0,0.0,0.0,0.0
1030283#0,test,relevant,1,10,5.284567356109619,0.5,0.0,0.0,0.43067655807339306
1031498-0,test,non_relevant,0,10,0.25211456418037415,0.0,0.0,0.0,0.0
1032443-0,dev,non_relevant,0,10,1.2799087762832642,0.0,0.0,0.0,0.0
1032527-0,test,non_relevant,0,10,2.678337574005127,0.0,0.0,0.0,0.0
1032546-0,test,non_relevant,0,10,-0.8132492303848267,0.0,0.0,0.0,0.0
1032691-0,dev,non_relevant,0,10,4.625754356384277,0.0,0.0,0.0,0.0
1033051-0,dev,non_relevant,0,10,3.2832822799682617,0.0,0.0,0.0,0.0
1033347-0,test,non_relevant,0,10,4.609637260437012,0.0,0.0,0.0,0.0
1034177#0,dev,relevant,1,10,6.748673439025879,0.6309297535714575,1.0,1.0,0.6309297535714575
1034517-0,dev,non_relevant,0,10,5.778771877288818,0.0,0.0,0.0,0.0
1034536-0,dev,non_relevant,0,10,6.018298149108887,0.0,0.0,0.0,0.0
1035220-0,test,non_relevant,0,10,1.2279863357543945,0.0,0.0,0.0,0.0
1035716-0,test,non_relevant,0,10,3.1142630577087402,0.0,0.0,0.0,0.0
1036497#0,test,relevant,1,10,6.264009475708008,1.0,0.6309297535714575,1.0,1.0
1037472-0,test,non_relevant,0,10,6.620631217956543,0.0,0.0,0.0,0.0
1037586-0,test,non_relevant,0,10,-2.431196928024292,0.0,0.0,0.0,0.0
103874#0,test,relevant,1,10,8.628840446472168,0.46927872602275644,0.6713860725233041,0.6508205185601091,0.7039180890341347
1038784#0,test,relevant,1,10,2.89751935005188,1.0,0.0,0.43067655807339306,1.0
1038821#0,test,relevant,1,10,6.337911605834961,0.43067655807339306,1.0,1.0,0.5
103914-0,test,non_relevant,0,10,1.430993914604187,0.0,0.0,0.0,0.0
1039576-0,test,non_relevant,0,10,-1.008607268333435,0.0,0.0,0.0,0.0
103970#0,test,relevant,1,10,6.104572772979736,1.0,0.0,0.38685280723454163,0.6309297535714575
1039736-0,test,non_relevant,0,10,5.079677581787109,0.0,0.0,0.0,0.0
1040955#0,test,relevant,1,9,7.880830764770508,0.6131471927654584,0.8772153153380493,0.9197207891481876,0.6131471927654584
1041157#0,dev,relevant,1,10,4.174877166748047,0.43067655807339306,0.5,0.6309297535714575,0.43067655807339306
1042194-0,dev,non_relevant,0,10,4.0677618980407715,0.0,0.0,0.0,0.0
1042661#0,dev,relevant,1,10,6.457291126251221,0.9674679834891693,0.0,0.38364913903790027,0.9674679834891693
1045502#0,dev,relevant,1,9,5.104541301727295,1.0,0.6309297535714575,1.0,1.0
1045671#0,test,relevant,1,10,1.5018985271453857,0.6509209298071326,0.5706417189553201,1.0,0.8503449055347546
1047146-0,dev,non_relevant,0,10,1.9807078838348389,0.0,0.0,0.0,0.0
1049033#0,test,relevant,1,10,5.14054012298584,0.4912596920895758,0.5296347172140421,0.5147714448836774,0.5147714448836774
1049597-0,test,non_relevant,0,10,5.800083160400391,0.0,0.0,0.0,0.0
1050719#0,test,relevant,1,10,3.580054759979248,0.38356636737133565,0.34519134224686937,0.4703652827859579,0.6608397947263839
1051440-0,dev,non_relevant,0,10,3.1170318126678467,0.0,0.0,0.0,0.0
1055668#0,dev,relevant,1,10,1.9301464557647705,1.0,0.0,0.43067655807339306,1.0
1057816#0,dev,relevant,1,10,1.8368909358978271,0.9060254355346823,0.9060254355346823,0.9674679834891693,0.9674679834891693
1059215-0,dev,non_relevant,0,10,6.0816497802734375,0.0,0.0,0.0,0.0
1059425#0,dev,relevant,1,10,5.839617729187012,0.6096199500078984,0.8048099750039491,0.75369761125927,0.9047172294870751
10598#0,dev,relevant,1,10,7.298190593719482,0.8048099750039491,0.8048099750039491,0.8048099750039491,1.0
1061240-0,test,non_relevant,0,10,-1.557147741317749,0.0,0.0,0.0,0.0
1063032#0,test,relevant,1,10,4.988317966461182,0.5585075862632192,0.3903800499921017,0.4144299250118475,0.592512031964586
1063206-0,test,non_relevant,0,10,1.5457711219787598,0.0,0.0,0.0,0.0
1063929#0,test,relevant,1,10,6.175917625427246,0.9558295932317544,0.19519002499605084,0.6096199500078984,0.8048099750039491
1064918-0,test,non_relevant,0,10,3.177849292755127,0.0,0.0,0.0,0.0
1065585#0,dev,relevant,1,10,5.57880973815918,0.0,0.0,0.0,0.0
1065971#0,dev,relevant,1,10,7.795464515686035,0.7653606369886217,0.7328286204777911,0.9469024295259745,0.9060254355346823
1067026-0,dev,non_relevant,0,10,0.5129419565200806,0.0,0.0,0.0,0.0
1070331-0,dev,non_relevant,0,10,3.8856146335601807,0.0,0.0,0.0,0.0
1070745#0,dev,relevant,1,10,4.450911998748779,0.0,0.0,0.0,0.5
1072144#0,test,relevant,1,10,2.1790432929992676,0.0,1.0,0.5,1.0
107531-0,test,non_relevant,0,10,2.4505438804626465,0.0,0.0,0.0,0.0
1076870#0,test,relevant,1,10,3.926039934158325,1.0,1.0,1.0,1.0
1077183-0,dev,non_relevant,0,10,0.24934208393096924,0.0,0.0,0.0,0.0
1077527#0,dev,relevant,1,10,6.166958808898926,1.0,0.9060254355346823,1.0,1.0
1077701-0,dev,non_relevant,0,10,5.860473155975342,0.0,0.0,0.0,0.0
1079517#0,test,relevant,1,10,1.2226853370666504,0.6309297535714575,0.0,0.38685280723454163,1.0
1079653-0,test,non_relevant,0,10,0.0914374589920044,0.0,0.0,0.0,0.0
1081038-0,test,non_relevant,0,10,-0.045600712299346924,0.0,0.0,0.0,0.0
1081255#0,test,relevant,1,10,7.1455841064453125,1.0,0.6713860725233041,0.8854598815714874,0.9674679834891693
1082546-0,test,non_relevant,0,10,-2.430318832397461,0.0,0.0,0.0,0.0
1082937-0,dev,non_relevant,0,10,1.866783618927002,0.0,0.0,0.0,0.0
1083036#0,test,relevant,1,10,6.683887958526611,0.9197207891481876,0.6131471927654584,0.9197207891481876,1.0
108360-0,dev,non_relevant,0,10,0.22126422822475433,0.0,0.0,0.0,0.0
1083887#0,test,relevant,1,10,7.902253150939941,0.6309297535714575,0.0,0.38685280723454163,1.0
1084384-0,test,non_relevant,0,10,4.509678840637207,0.0,0.0,0.0,0.0
1085419-0,dev,non_relevant,0,10,2.081413507461548,0.0,0.0,0.0,0.0
108571-0,dev,non_relevant,0,10,2.735182285308838,0.0,0.0,0.0,0.0
1086423#0,dev,relevant,1,10,3.3683102130889893,0.8503449055347546,0.8772153153380493,0.9197207891481876,1.0
1087847-0,test,non_relevant,0,10,3.255065441131592,0.0,0.0,0.0,0.0
1089012-0,test,non_relevant,0,10,-0.29583829641342163,0.0,0.0,0.0,0.0
1090386#0,test,relevant,1,10,8.082038879394531,1.0,0.34620964322385606,0.8318724637288826,1.0
1090562-0,test,non_relevant,0,10,2.25226092338562,0.0,0.0,0.0,0.0
109204-0,dev,non_relevant,0,10,5.89103889465332,0.0,0.0,0.0,0.0
109286-0,dev,non_relevant,0,10,2.495357036590576,0.0,0.0,0.0,0.0
1094468#0,test,relevant,1,10,0.9428023099899292,0.6934264036172708,0.38685280723454163,0.6934264036172708,1.0
1095029-0,dev,non_relevant,0,10,6.295045375823975,0.0,0.0,0.0,0.0
109606-0,dev,non_relevant,0,10,1.5189313888549805,0.0,0.0,0.0,0.0
1096151-0,test,non_relevant,0,10,0.6325390338897705,0.0,0.0,0.0,0.0
1097462-0,dev,non_relevant,0,10,5.441904544830322,0.0,0.0,0.0,0.0
1097715-0,test,non_relevant,0,10,5.873362064361572,0.0,0.0,0.0,0.0
1097917#0,test,relevant,1,10,1.435136079788208,0.6309297535714575,0.0,0.38685280723454163,0.38685280723454163
1097987#0,dev,relevant,1,10,4.669878959655762,1.0,1.0,1.0,1.0
10983-0,test,non_relevant,0,10,5.100704193115234,0.0,0.0,0.0,0.0
109841-0,dev,non_relevant,0,10,6.454374313354492,0.0,0.0,0.0,0.0
1099470#0,dev,relevant,1,10,1.7604494094848633,0.6713860725233041,0.7039180890341347,0.7039180890341347,0.6508205185601091
1100065-0,dev,non_relevant,0,10,2.9257187843322754,0.0,0.0,0.0,0.0
1100435#0,test,relevant,1,10,5.641447067260742,0.0,0.0,0.0,0.5
1101242-0,test,non_relevant,0,10,3.710413932800293,0.0,0.0,0.0,0.0
110131#0,test,relevant,1,10,2.425891876220703,0.38685280723454163,0.0,0.0,0.5
1101482-0,test,non_relevant,0,10,2.110316276550293,0.0,0.0,0.0,0.0
1102390-0,test,non_relevant,0,10,-1.8017076253890991,0.0,0.0,0.0,0.0
1103093-0,test,non_relevant,0,10,-0.7396395206451416,0.0,0.0,0.0,0.0
1103824#0,test,relevant,1,9,2.566211223602295,0.5307212739772434,0.20210734650054757,0.2960819109658652,0.9060254355346823
110485#0,test,relevant,1,10,-0.15911802649497986,1.0,0.6309297535714575,1.0,1.0
1105520-0,dev,non_relevant,0,10,2.490039825439453,0.0,0.0,0.0,0.0
1106821#0,test,relevant,1,10,6.867954254150391,0.6131471927654584,1.0,0.8772153153380493,0.8503449055347546
110812#0,dev,relevant,1,10,6.3674211502075195,1.0,1.0,1.0,1.0
1109483#0,test,relevant,1,10,0.38460153341293335,0.6309297535714575,0.38685280723454163,0.43067655807339306,1.0
1111718-0,test,non_relevant,0,10,0.6838189959526062,0.0,0.0,0.0,0.0
1115881-0,dev,non_relevant,0,10,0.9780872464179993,0.0,0.0,0.0,0.0
1117327-0,test,non_relevant,0,10,2.5457680225372314,0.0,0.0,0.0,0.0
1117619#0,test,relevant,1,10,7.096877098083496,1.0,0.38685280723454163,1.0,0.8772153153380493
1117881-0,dev,non_relevant,0,10,5.479858875274658,0.0,0.0,0.0,0.0
1118896#0,dev,relevant,1,10,6.065371036529541,0.0,0.43067655807339306,0.0,1.0
1119703-0,dev,non_relevant,0,10,5.575749397277832,0.0,0.0,0.0,0.0
1120796-0,test,non_relevant,0,10,1.4376027584075928,0.0,0.0,0.0,0.0
1121482#0,test,relevant,1,10,9.196590423583984,0.7227265726449519,0.6843515475204855,0.8539316501572937,0.8687949224876582
1123144#0,test,relevant,1,10,5.451202392578125,1.0,0.0,1.0,1.0
1124355#0,test,relevant,1,10,4.90701961517334,1.0,0.0,0.6309297535714575,0.6309297535714575
1124641#0,test,relevant,1,10,5.428754806518555,1.0,0.0,0.5,1.0
1125164#0,test,relevant,1,10,3.8835854530334473,0.6934264036172708,0.0,0.38685280723454163,0.9197207891481876
112539#0,dev,relevant,1,10,2.5274455547332764,0.6182885020492784,0.23463936301137822,0.41618115554873086,0.41618115554873086
1126067-0,dev,non_relevant,0,10,-4.7136993408203125,0.0,0.0,0.0,0.0
1126702-0,dev,non_relevant,0,10,4.5963239669799805,0.0,0.0,0.0,0.0
1126995-0,test,non_relevant,0,10,-2.5310616493225098,0.0,0.0,0.0,0.0
1127631-0,test,non_relevant,0,10,0.6833798885345459,0.0,0.0,0.0,0.0
1128468#0,test,relevant,1,10,5.06412410736084,0.38685280723454163,0.0,0.0,0.38685280723454163
1129949-0,test,non_relevant,0,10,1.0121402740478516,0.0,0.0,0.0,0.0
1131084#0,test,relevant,1,10,5.604954719543457,0.46927872602275644,0.0,0.20210734650054757,0.8854598815714874
113215-0,dev,non_relevant,0,10,3.627501964569092,0.0,0.0,0.0,0.0
1133034#0,test,relevant,1,10,7.62966775894165,1.0,0.0,0.6309297535714575,1.0
1133036-0,test,non_relevant,0,10,1.0459649562835693,0.0,0.0,0.0,0.0
1133473-0,dev,non_relevant,0,10,3.49946928024292,0.0,0.0,0.0,0.0
1134175#0,test,relevant,1,10,7.208568572998047,1.0,0.2640681225725909,0.6934264036172708,1.0
113597-0,dev,non_relevant,0,10,3.115889549255371,0.0,0.0,0.0,0.0
1136283#0,test,relevant,1,10,5.106293678283691,0.6508205185601091,0.6713860725233041,0.7653606369886217,0.7653606369886217
1136968-0,dev,non_relevant,0,10,1.1524639129638672,0.0,0.0,0.0,0.0
1137257-0,test,non_relevant,0,10,0.9100301265716553,0.0,0.0,0.0,0.0
1137830-0,test,non_relevant,0,10,7.143764019012451,0.0,0.0,0.0,0.0
1140080-0,test,non_relevant,0,10,2.080749273300171,0.0,0.0,0.0,0.0
1144226-0,test,non_relevant,0,10,7.744077682495117,0.0,0.0,0.0,0.0
1144244-0,dev,non_relevant,0,10,0.07506408542394638,0.0,0.0,0.0,0.0
1144567-0,test,non_relevant,0,10,4.000035285949707,0.0,0.0,0.0,0.0
114462-0,test,non_relevant,0,10,-1.062534213066101,0.0,0.0,0.0,0.0
1144667#0,test,relevant,1,10,10.475830078125,1.0,0.38685280723454163,0.9197207891481876,1.0
1145018-0,dev,non_relevant,0,10,2.256298065185547,0.0,0.0,0.0,0.0
1148922#0,dev,relevant,1,10,1.8642768859863281,0.5,0.38685280723454163,0.43067655807339306,0.6309297535714575
1149937-0,test,non_relevant,0,10,4.094499111175537,0.0,0.0,0.0,0.0
1150249-0,test,non_relevant,0,10,1.2028720378875732,0.0,0.0,0.0,0.0
1151585-0,dev,non_relevant,0,10,2.260713815689087,0.0,0.0,0.0,0.0
1153307-0,test,non_relevant,0,10,3.1381545066833496,0.0,0.0,0.0,0.0
1153651-0,dev,non_relevant,0,10,3.9786763191223145,0.0,0.0,0.0,0.0
1153952#0,test,relevant,1,10,2.5267281532287598,0.23463936301137822,0.20210734650054757,0.41618115554873086,0.49818925746641285
1154117-0,test,non_relevant,0,10,4.454601764678955,0.0,0.0,0.0,0.0
115462-0,test,non_relevant,0,10,0.32632479071617126,0.0,0.0,0.0,0.0
115486#0,test,relevant,1,10,3.164365291595459,0.2640681225725909,0.38685280723454163,0.6131471927654584,0.2640681225725909
1156413-0,dev,non_relevant,0,10,6.1502532958984375,0.0,0.0,0.0,0.0
115649-0,dev,non_relevant,0,10,1.344951868057251,0.0,0.0,0.0,0.0
1156817-0,dev,non_relevant,0,10,3.4284560680389404,0.0,0.0,0.0,0.0
1160649-0,dev,non_relevant,0,10,3.9242115020751953,0.0,0.0,0.0,0.0
1163797-0,dev,non_relevant,0,10,-1.5785151720046997,0.0,0.0,0.0,0.0
1164457-0,dev,non_relevant,0,10,1.273512840270996,0.0,0.0,0.0,0.0
1166207-0,dev,non_relevant,0,10,1.2569305896759033,0.0,0.0,0.0,0.0
1166507-0,test,non_relevant,0,10,2.3347854614257812,0.0,0.0,0.0,0.0
1167060-0,test,non_relevant,0,10,1.136066198348999,0.0,0.0,0.0,0.0
1167841-0,test,non_relevant,0,10,1.6481902599334717,0.0,0.0,0.0,0.0
1169736#0,dev,relevant,1,10,6.915727615356445,1.0,0.6309297535714575,1.0,1.0
1170710-0,dev,non_relevant,0,10,-1.2134162187576294,0.0,0.0,0.0,0.0
1171087#0,test,relevant,1,10,7.900615692138672,0.75369761125927,0.6366824387328317,0.9558295932317544,0.6096199500078984
1171138-0,dev,non_relevant,0,10,7.6962738037109375,0.0,0.0,0.0,0.0
1171611#0,test,relevant,1,10,6.270151615142822,1.0,1.0,1.0,1.0
1171948#0,dev,relevant,1,10,4.577321529388428,0.639945385422766,0.48522855511632257,0.639945385422766,0.5147714448836774
1171967#0,test,relevant,1,10,6.369060516357422,1.0,0.9197207891481876,1.0,0.8772153153380493
1173931-0,test,non_relevant,0,10,-0.2115606963634491,0.0,0.0,0.0,0.0
1176486-0,test,non_relevant,0,10,4.568760871887207,0.0,0.0,0.0,0.0
1176566-0,test,non_relevant,0,10,2.1780476570129395,0.0,0.0,0.0,0.0
1176916#0,test,relevant,1,10,2.0229506492614746,0.3065735963827292,0.6509209298071326,0.38685280723454163,0.9197207891481876
1177791-0,test,non_relevant,0,10,1.2844144105911255,0.0,0.0,0.0,0.0
1178850#0,dev,relevant,1,10,5.2374114990234375,0.2960819109658652,0.4776237035032179,0.2960819109658652,0.46927872602275644
118086-0,test,non_relevant,0,10,4.514211654663086,0.0,0.0,0.0,0.0
1181795-0,dev,non_relevant,0,10,3.9862146377563477,0.0,0.0,0.0,0.0
1182424#0,test,relevant,1,10,5.315150260925293,1.0,0.6934264036172708,0.9197207891481876,1.0
1182879-0,test,non_relevant,0,10,0.13745944201946259,0.0,0.0,0.0,0.0
1188134-0,dev,non_relevant,0,10,-0.5423725247383118,0.0,0.0,0.0,0.0
1189320-0,dev,non_relevant,0,10,-0.44723302125930786,0.0,0.0,0.0,0.0
1189774-0,dev,non_relevant,0,10,-0.03894387558102608,0.0,0.0,0.0,0.0
1190913-0,dev,non_relevant,0,10,2.650651454925537,0.0,0.0,0.0,0.0
1191136-0,dev,non_relevant,0,10,2.085658073425293,0.0,0.0,0.0,0.0
1192413#0,test,relevant,1,10,0.8821148872375488,1.0,1.0,1.0,0.0
1192596-0,dev,non_relevant,0,10,3.727222204208374,0.0,0.0,0.0,0.0
1192974-0,test,non_relevant,0,10,4.021400451660156,0.0,0.0,0.0,0.0
1193028#0,test,relevant,1,10,4.71262264251709,1.0,0.6309297535714575,1.0,1.0
1194846-0,test,non_relevant,0,10,2.235288619995117,0.0,0.0,0.0,0.0
1195443-0,test,non_relevant,0,10,5.406731605529785,0.0,0.0,0.0,0.0
1196567#0,test,relevant,1,10,-2.4476888179779053,1.0,0.0,0.43067655807339306,0.6309297535714575
1196687-0,test,non_relevant,0,10,0.18502314388751984,0.0,0.0,0.0,0.0
1199198-0,dev,non_relevant,0,10,1.7121480703353882,0.0,0.0,0.0,0.0
1200363-0,test,non_relevant,0,10,4.128037452697754,0.0,0.0,0.0,0.0
1201141-0,test,non_relevant,0,10,-0.2036503553390503,0.0,0.0,0.0,0.0
1201805-0,test,non_relevant,0,10,2.0154457092285156,0.0,0.0,0.0,0.0
1202035-0,dev,non_relevant,0,10,2.72194766998291,0.0,0.0,0.0,0.0
1202435#0,test,relevant,1,10,6.621897220611572,0.8539316501572937,0.5531464700081437,0.5147714448836774,1.0
1203846-0,test,non_relevant,0,10,2.878756046295166,0.0,0.0,0.0,0.0
1204602-0,dev,non_relevant,0,10,0.18511299788951874,0.0,0.0,0.0,0.0
1205075#0,test,relevant,1,10,7.281099796295166,0.8687949224876582,0.8687949224876582,1.0,1.0
1205830-0,test,non_relevant,0,10,3.6056947708129883,0.0,0.0,0.0,0.0
1206438#0,test,relevant,1,10,3.8384664058685303,0.0,0.0,0.0,0.43067655807339306
120675-0,dev,non_relevant,0,10,5.8829755783081055,0.0,0.0,0.0,0.0
1207304-0,test,non_relevant,0,10,3.3431403636932373,0.0,0.0,0.0,0.0
1207943-0,test,non_relevant,0,10,0.4498235285282135,0.0,0.0,0.0,0.0
120936-0,test,non_relevant,0,10,0.3084107041358948,0.0,0.0,0.0,0.0
1210706#0,test,relevant,1,10,-2.348813533782959,0.6934264036172708,0.23719771276929622,0.6131471927654584,0.5012658353418871
1211498-0,test,non_relevant,0,10,4.0442304611206055,0.0,0.0,0.0,0.0
1212641#0,test,relevant,1,10,3.4493517875671387,0.0,0.6309297535714575,0.43067655807339306,0.0
1212910-0,dev,non_relevant,0,10,2.6844067573547363,0.0,0.0,0.0,0.0
121323-0,test,non_relevant,0,10,2.6284632682800293,0.0,0.0,0.0,0.0
1213276-0,dev,non_relevant,0,10,4.145976543426514,0.0,0.0,0.0,0.0
1213748-0,dev,non_relevant,0,10,2.1612277030944824,0.0,0.0,0.0,0.0
1213866-0,test,non_relevant,0,10,5.327727794647217,0.0,0.0,0.0,0.0
121445#0,dev,relevant,1,10,6.802834510803223,0.7328286204777911,0.0,0.2960819109658652,0.9674679834891693
121488-0,test,non_relevant,0,10,2.333366870880127,0.0,0.0,0.0,0.0
1216171-0,test,non_relevant,0,10,2.2661004066467285,0.0,0.0,0.0,0.0
121624#0,dev,relevant,1,10,8.941743850708008,1.0,0.6608397947263839,0.8539316501572937,1.0
1216655#0,test,relevant,1,10,9.980735778808594,1.0,0.3156484524795145,0.6992148198508501,0.8539316501572937
1216775-0,test,non_relevant,0,10,3.222830295562744,0.0,0.0,0.0,0.0
1217115-0,test,non_relevant,0,10,4.042392730712891,0.0,0.0,0.0,0.0
1217387#0,test,relevant,1,10,4.273654937744141,0.8529278650606567,0.38364913903790027,0.41618115554873086,0.7328286204777911
1219741#0,test,relevant,1,10,4.787971019744873,0.43067655807339306,0.0,0.0,0.43067655807339306
1223886-0,test,non_relevant,0,10,-1.1363027095794678,0.0,0.0,0.0,0.0
1224227-0,test,non_relevant,0,10,6.672447204589844,0.0,0.0,0.0,0.0
1225121-0,dev,non_relevant,0,10,2.5427322387695312,0.0,0.0,0.0,0.0
1225643#0,test,relevant,1,10,3.407864570617676,0.9828920819566879,0.15101961822780524,0.7365896932159578,0.9828920819566879
1226011-0,dev,non_relevant,0,10,3.4167447090148926,0.0,0.0,0.0,0.0
1227387-0,dev,non_relevant,0,10,-1.3461488485336304,0.0,0.0,0.0,0.0
1228755-0,test,non_relevant,0,10,7.445761680603027,0.0,0.0,0.0,0.0
1229241-0,dev,non_relevant,0,10,5.284307479858398,0.0,0.0,0.0,0.0
123143-0,test,non_relevant,0,10,0.09702518582344055,0.0,0.0,0.0,0.0
1232717-0,test,non_relevant,0,10,3.484177589416504,0.0,0.0,0.0,0.0
1233322-0,test,non_relevant,0,10,6.396646499633789,0.0,0.0,0.0,0.0
1233432-0,dev,non_relevant,0,10,2.1394667625427246,0.0,0.0,0.0,0.0
1234156-0,test,non_relevant,0,10,4.883366107940674,0.0,0.0,0.0,0.0
1234499-0,dev,non_relevant,0,10,3.444340229034424,0.0,0.0,0.0,0.0
1236202-0,dev,non_relevant,0,10,4.3252692222595215,0.0,0.0,0.0,0.0
1236406#0,test,relevant,1,10,8.601879119873047,1.0,1.0,1.0,1.0
1237302-0,test,non_relevant,0,10,-0.4185273051261902,0.0,0.0,0.0,0.0
1237962-0,test,non_relevant,0,10,3.951124668121338,0.0,0.0,0.0,0.0
1238216#0,dev,relevant,1,10,3.489515781402588,1.0,1.0,1.0,1.0
124120-0,dev,non_relevant,0,10,0.5315110683441162,0.0,0.0,0.0,0.0
1241411-0,dev,non_relevant,0,10,-0.1351609081029892,0.0,0.0,0.0,0.0
1244389#0,test,relevant,1,10,5.384578227996826,1.0,0.38685280723454163,0.5,1.0
1245153#0,test,relevant,1,10,2.41941237449646,1.0,0.5706417189553201,0.9197207891481876,1.0
1245722#0,test,relevant,1,10,8.712074279785156,1.0,0.6548086577531307,0.8539316501572937,1.0
1245821#0,test,relevant,1,10,5.330522537231445,0.6131471927654584,1.0,0.8772153153380493,0.9197207891481876
1246127-0,test,non_relevant,0,10,6.0525383949279785,0.0,0.0,0.0,0.0
1246651-0,test,non_relevant,0,10,3.6258487701416016,0.0,0.0,0.0,0.0
1246664-0,test,non_relevant,0,10,4.112016201019287,0.0,0.0,0.0,0.0
1248261-0,test,non_relevant,0,10,-3.804288625717163,0.0,0.0,0.0,0.0
1251254-0,dev,non_relevant,0,10,-1.3281490802764893,0.0,0.0,0.0,0.0
1252012-0,dev,non_relevant,0,10,0.5628470778465271,0.0,0.0,0.0,0.0
1252432-0,test,non_relevant,0,10,1.5263630151748657,0.0,0.0,0.0,0.0
1252681-0,test,non_relevant,0,10,8.477546691894531,0.0,0.0,0.0,0.0
1252880#0,test,relevant,1,10,5.947780609130859,0.49818925746641285,0.46927872602275644,0.4367467095119258,0.7039180890341347
1254482#0,test,relevant,1,10,5.144761562347412,1.0,0.0,0.38685280723454163,1.0
1255428-0,test,non_relevant,0,10,6.17179536819458,0.0,0.0,0.0,0.0
1256511-0,dev,non_relevant,0,10,0.18050016462802887,0.0,0.0,0.0,0.0
1258945-0,dev,non_relevant,0,10,1.3714725971221924,0.0,0.0,0.0,0.0
1260240#0,dev,relevant,1,10,5.995926856994629,1.0,0.0,0.0,1.0
1261347-0,dev,non_relevant,0,10,3.9159188270568848,0.0,0.0,0.0,0.0
1261599#0,dev,relevant,1,10,4.187365531921387,0.24630238874073,0.5143371794949736,0.3903800499921017,0.34620964322385606
1262122#0,test,relevant,1,10,6.885676383972168,0.6713860725233041,0.5307212739772434,0.7653606369886217,0.7653606369886217
1263147-0,dev,non_relevant,0,10,1.66090726852417,0.0,0.0,0.0,0.0
1266221-0,dev,non_relevant,0,10,-3.7103285789489746,0.0,0.0,0.0,0.0
1266563#0,test,relevant,1,10,5.613641262054443,0.5,0.43067655807339306,0.6309297535714575,0.5
1266978#0,dev,relevant,1,10,4.185841083526611,1.0,0.2960819109658652,0.9060254355346823,1.0
1267394-0,test,non_relevant,0,10,1.950314998626709,0.0,0.0,0.0,0.0
1267493-0,test,non_relevant,0,10,2.80482816696167,0.0,0.0,0.0,0.0
1267548-0,dev,non_relevant,0,10,6.510589122772217,0.0,0.0,0.0,0.0
1268866-0,test,non_relevant,0,10,0.3755667805671692,0.0,0.0,0.0,0.0
1268896-0,test,non_relevant,0,10,2.127066135406494,0.0,0.0,0.0,0.0
1269687-0,test,non_relevant,0,10,-0.2368278205394745,0.0,0.0,0.0,0.0
1269860#0,dev,relevant,1,10,8.616140365600586,1.0,0.0,0.43067655807339306,1.0
12725-0,test,non_relevant,0,10,0.13749700784683228,0.0,0.0,0.0,0.0
1272872#0,test,relevant,1,10,4.4281816482543945,0.38685280723454163,0.0,0.0,0.5
1272895#0,test,relevant,1,10,8.290973663330078,1.0,1.0,1.0,1.0
1273884-0,test,non_relevant,0,10,-0.8933678269386292,0.0,0.0,0.0,0.0
1274138#0,test,relevant,1,8,8.451419830322266,0.5706417189553201,0.2640681225725909,0.5437713091520254,1.0
1275413#0,test,relevant,1,10,2.4992096424102783,1.0,0.0,0.6309297535714575,1.0
1276907-0,dev,non_relevant,0,10,3.354905128479004,0.0,0.0,0.0,0.0
1276927#0,dev,relevant,1,10,4.831131935119629,0.9469024295259745,0.18154179253735267,0.7039180890341347,0.7653606369886217
1277433-0,test,non_relevant,0,10,4.8152875900268555,0.0,0.0,0.0,0.0
1280157-0,test,non_relevant,0,10,4.917781829833984,0.0,0.0,0.0,0.0
1280290#0,test,relevant,1,10,7.199453353881836,0.9060254355346823,0.0,0.2960819109658652,0.9674679834891693
128148#0,test,relevant,1,10,5.590847015380859,0.43067655807339306,1.0,1.0,0.43067655807339306
1281593-0,dev,non_relevant,0,10,-2.472949743270874,0.0,0.0,0.0,0.0
1281655-0,test,non_relevant,0,10,-3.8673791885375977,0.0,0.0,0.0,0.0
1288533-0,dev,non_relevant,0,10,2.408245325088501,0.0,0.0,0.0,0.0
128917-0,dev,non_relevant,0,10,3.731518507003784,0.0,0.0,0.0,0.0
1289461-0,dev,non_relevant,0,10,1.910719633102417,0.0,0.0,0.0,0.0
1292280#0,dev,relevant,1,10,7.631971836090088,0.0,0.38685280723454163,0.0,0.43067655807339306
1292517-0,test,non_relevant,0,10,3.3111352920532227,0.0,0.0,0.0,0.0
1294018-0,dev,non_relevant,0,10,-2.387476921081543,0.0,0.0,0.0,0.0
1295618#0,test,relevant,1,9,9.675915718078613,1.0,0.20210734650054757,0.6182885020492784,1.0
129942-0,test,non_relevant,0,10,-0.6629531383514404,0.0,0.0,0.0,0.0
1299770-0,dev,non_relevant,0,10,2.3556764125823975,0.0,0.0,0.0,0.0
1300003-0,test,non_relevant,0,10,2.4813404083251953,0.0,0.0,0.0,0.0
130160-0,dev,non_relevant,0,10,2.6775014400482178,0.0,0.0,0.0,0.0
1301926-0,dev,non_relevant,0,10,5.517172813415527,0.0,0.0,0.0,0.0
1302089-0,test,non_relevant,0,10,2.709991216659546,0.0,0.0,0.0,0.0
1303603-0,dev,non_relevant,0,10,2.6162960529327393,0.0,0.0,0.0,0.0
130409-0,dev,non_relevant,0,10,1.2745482921600342,0.0,0.0,0.0,0.0
130793#0,test,relevant,1,10,3.038214683532715,0.7095272044910244,0.15101961822780524,0.3903800499921017,0.5585075862632192
131137-0,dev,non_relevant,0,10,2.5943763256073,0.0,0.0,0.0,0.0
131415-0,test,non_relevant,0,10,2.3511457443237305,0.0,0.0,0.0,0.0
1315157-0,dev,non_relevant,0,10,4.048851013183594,0.0,0.0,0.0,0.0
131898-0,dev,non_relevant,0,10,3.1673972606658936,0.0,0.0,0.0,0.0
1320527#0,dev,relevant,1,10,2.4605746269226074,0.0,0.0,0.0,0.43067655807339306
1322889#0,test,relevant,1,10,1.8653841018676758,0.5,0.5,0.6309297535714575,1.0
1338136-0,dev,non_relevant,0,10,2.9057908058166504,0.0,0.0,0.0,0.0
133830#0,test,relevant,1,10,3.774611473083496,0.6240505200038379,0.0,0.2640681225725909,0.2640681225725909
133856#0,test,relevant,1,10,1.2953556776046753,0.639945385422766,0.6548086577531307,0.5531464700081437,0.7227265726449519
1339296-0,test,non_relevant,0,10,-1.4193611145019531,0.0,0.0,0.0,0.0
1340362#0,test,relevant,1,4,4.776544570922852,1.0,0.43067655807339306,0.6309297535714575,1.0
1342481-0,dev,non_relevant,0,10,-3.112342357635498,0.0,0.0,0.0,0.0
1343726-0,dev,non_relevant,0,10,3.5532021522521973,0.0,0.0,0.0,0.0
1343866-0,test,non_relevant,0,10,2.0523977279663086,0.0,0.0,0.0,0.0
1346585-0,test,non_relevant,0,10,4.530065059661865,0.0,0.0,0.0,0.0
13521#0,test,relevant,1,10,6.465189456939697,0.9674679834891693,0.46927872602275644,0.9674679834891693,0.7653606369886217
135660#0,test,relevant,1,10,3.2499170303344727,0.8772153153380493,1.0,1.0,1.0
135708-0,test,non_relevant,0,10,0.3442344069480896,0.0,0.0,0.0,0.0
135886-0,test,non_relevant,0,10,4.912135124206543,0.0,0.0,0.0,0.0
1358903-0,dev,non_relevant,0,10,0.8801357746124268,0.0,0.0,0.0,0.0
1359166-0,test,non_relevant,0,10,5.149439334869385,0.0,0.0,0.0,0.0
135987-0,test,non_relevant,0,10,3.105099678039551,0.0,0.0,0.0,0.0
136058-0,test,non_relevant,0,10,3.2048234939575195,0.0,0.0,0.0,0.0
13608-0,test,non_relevant,0,10,1.640190839767456,0.0,0.0,0.0,0.0
1363482-0,test,non_relevant,0,10,2.3238704204559326,0.0,0.0,0.0,0.0
136404-0,test,non_relevant,0,10,2.914113998413086,0.0,0.0,0.0,0.0
1367701-0,dev,non_relevant,0,10,2.9003796577453613,0.0,0.0,0.0,0.0
1368494#0,test,relevant,1,9,4.040532112121582,0.4468535299918563,0.6843515475204855,0.4468535299918563,0.6843515475204855
1369540-0,test,non_relevant,0,10,8.004846572875977,0.0,0.0,0.0,0.0
1370672-0,dev,non_relevant,0,10,5.801091194152832,0.0,0.0,0.0,0.0
1370893-0,dev,non_relevant,0,10,5.317470073699951,0.0,0.0,0.0,0.0
1371559#0,test,relevant,1,10,5.6906232833862305,0.5437713091520254,0.2640681225725909,0.3065735963827292,0.9197207891481876
1372846-0,test,non_relevant,0,10,4.906602382659912,0.0,0.0,0.0,0.0
1376687-0,test,non_relevant,0,10,6.223378658294678,0.0,0.0,0.0,0.0
1378179-0,test,non_relevant,0,10,0.2958621680736542,0.0,0.0,0.0,0.0
1378813-0,test,non_relevant,0,10,-2.4055302143096924,0.0,0.0,0.0,0.0
1379889-0,dev,non_relevant,0,10,0.44388532638549805,0.0,0.0,0.0,0.0
138180#0,dev,relevant,1,10,4.5691399574279785,0.4367467095119258,0.46927872602275644,0.23463936301137822,0.6182885020492784
138226-0,dev,non_relevant,0,10,-0.4127499461174011,0.0,0.0,0.0,0.0
1384061-0,test,non_relevant,0,10,0.9007381796836853,0.0,0.0,0.0,0.0
1384589#0,test,relevant,1,10,2.7782061100006104,0.0,0.0,0.0,0.6309297535714575
1389208-0,test,non_relevant,0,10,6.219183921813965,0.0,0.0,0.0,0.0
139574-0,test,non_relevant,0,10,6.021205902099609,0.0,0.0,0.0,0.0
1398697#0,test,relevant,1,9,3.0641143321990967,0.43067655807339306,0.38685280723454163,0.43067655807339306,0.6309297535714575
1402885-0,dev,non_relevant,0,10,-1.7974117994308472,0.0,0.0,0.0,0.0
1403041-0,test,non_relevant,0,10,5.217133522033691,0.0,0.0,0.0,0.0
1409917-0,test,non_relevant,0,10,1.8734524250030518,0.0,0.0,0.0,0.0
1410257-0,test,non_relevant,0,10,3.6900534629821777,0.0,0.0,0.0,0.0
1410582-0,test,non_relevant,0,10,-0.37310224771499634,0.0,0.0,0.0,0.0
1412767-0,test,non_relevant,0,10,0.9883248805999756,0.0,0.0,0.0,0.0
1413121-0,test,non_relevant,0,10,-0.5545374155044556,0.0,0.0,0.0,0.0
141407-0,dev,non_relevant,0,10,4.706016540527344,0.0,0.0,0.0,0.0
1415646#0,dev,relevant,1,10,8.395551681518555,1.0,1.0,1.0,1.0
1418112#0,test,relevant,1,10,5.350187301635742,0.6713860725233041,0.18154179253735267,0.38364913903790027,1.0
141835-0,dev,non_relevant,0,10,1.0058672428131104,0.0,0.0,0.0,0.0
141963-0,dev,non_relevant,0,10,6.318424224853516,0.0,0.0,0.0,0.0
1421003#0,test,relevant,1,10,7.244620323181152,1.0,0.5,1.0,1.0
142291-0,test,non_relevant,0,10,0.9268364906311035,0.0,0.0,0.0,0.0
142362-0,dev,non_relevant,0,10,6.628507614135742,0.0,0.0,0.0,0.0
142510#0,dev,relevant,1,10,5.335101127624512,0.5437713091520254,0.0,0.0,0.6131471927654584
1425150-0,test,non_relevant,0,10,2.9977543354034424,0.0,0.0,0.0,0.0
142518#0,dev,relevant,1,10,1.999887466430664,1.0,0.6309297535714575,1.0,1.0
1430034#0,test,relevant,1,10,5.85299015045166,0.6309297535714575,0.0,0.0,0.5
1430328#0,test,relevant,1,10,4.4269609451293945,1.0,0.6309297535714575,1.0,1.0
1430700-0,test,non_relevant,0,10,3.601926803588867,0.0,0.0,0.0,0.0
1430726-0,test,non_relevant,0,10,1.8409669399261475,0.0,0.0,0.0,0.0
1431917-0,test,non_relevant,0,10,2.415294885635376,0.0,0.0,0.0,0.0
143882-0,dev,non_relevant,0,10,1.3155983686447144,0.0,0.0,0.0,0.0
1443577-0,test,non_relevant,0,10,0.2725089192390442,0.0,0.0,0.0,0.0
1446614#0,test,relevant,1,10,8.470135688781738,1.0,0.0,0.6309297535714575,1.0
1446619-0,dev,non_relevant,0,10,0.2673143446445465,0.0,0.0,0.0,0.0
144799-0,dev,non_relevant,0,10,2.0965735912323,0.0,0.0,0.0,0.0
1448817#0,dev,relevant,1,10,6.4501142501831055,1.0,0.5012658353418871,1.0,1.0
1449953#0,dev,relevant,1,10,3.536902904510498,0.38685280723454163,0.38685280723454163,0.38685280723454163,0.5
1450318-0,test,non_relevant,0,10,0.758335292339325,0.0,0.0,0.0,0.0
1451308#0,test,relevant,1,10,6.355024814605713,0.8318724637288826,0.4144299250118475,0.8048099750039491,0.8318724637288826
1453139#0,test,relevant,1,10,4.705789566040039,0.7328286204777911,0.46927872602275644,0.6508205185601091,0.8529278650606567
1453716-0,test,non_relevant,0,10,5.687950611114502,0.0,0.0,0.0,0.0
1454184-0,test,non_relevant,0,10,-2.4824047088623047,0.0,0.0,0.0,0.0
1455809-0,test,non_relevant,0,10,0.12400643527507782,0.0,0.0,0.0,0.0
1456223-0,test,non_relevant,0,10,2.4769341945648193,0.0,0.0,0.0,0.0
1456958#0,dev,relevant,1,10,4.3874359130859375,0.5307212739772434,0.18154179253735267,0.2960819109658652,0.8854598815714874
1457648-0,test,non_relevant,0,10,4.441473007202148,0.0,0.0,0.0,0.0
145804-0,dev,non_relevant,0,10,4.8790717124938965,0.0,0.0,0.0,0.0
1459102-0,test,non_relevant,0,10,0.22377172112464905,0.0,0.0,0.0,0.0
1460004-0,test,non_relevant,0,10,3.9774041175842285,0.0,0.0,0.0,0.0
146222#0,test,relevant,1,10,6.374393463134766,1.0,0.0,0.7653606369886217,0.9674679834891693
1463267-0,dev,non_relevant,0,10,0.24261349439620972,0.0,0.0,0.0,0.0
1463487#0,test,relevant,1,10,3.0174660682678223,0.6182885020492784,0.7122630665145961,0.6713860725233041,0.5307212739772434
1463610-0,test,non_relevant,0,10,0.7378158569335938,0.0,0.0,0.0,0.0
1464664-0,dev,non_relevant,0,10,0.15160533785820007,0.0,0.0,0.0,0.0
146484#0,test,relevant,1,10,2.316580295562744,1.0,0.0,0.5,1.0
1468744-0,test,non_relevant,0,10,5.453097820281982,0.0,0.0,0.0,0.0
1473972#0,dev,relevant,1,10,2.3103461265563965,0.38685280723454163,0.43067655807339306,0.38685280723454163,0.38685280723454163
1474808-0,dev,non_relevant,0,10,2.6649813652038574,0.0,0.0,0.0,0.0
1478547-0,test,non_relevant,0,10,-0.47243261337280273,0.0,0.0,0.0,0.0
1478686#0,dev,relevant,1,10,1.4611296653747559,0.6508205185601091,0.6713860725233041,0.7653606369886217,0.6508205185601091
1481180-0,test,non_relevant,0,10,2.766960382461548,0.0,0.0,0.0,0.0
1481791-0,test,non_relevant,0,10,2.03769588470459,0.0,0.0,0.0,0.0
1481811-0,test,non_relevant,0,10,-1.2883626222610474,0.0,0.0,0.0,0.0
1482157-0,dev,non_relevant,0,10,3.630931854248047,0.0,0.0,0.0,0.0
1484730#0,test,relevant,1,10,4.602618217468262,0.5437713091520254,0.6934264036172708,0.6934264036172708,0.6240505200038379
1484969-0,test,non_relevant,0,10,6.716437339782715,0.0,0.0,0.0,0.0
1488244#0,dev,relevant,1,10,1.5973553657531738,0.0,1.0,0.5,0.0
1489141#0,test,relevant,1,10,5.483463287353516,0.8539316501572937,0.13120507751234178,0.21398626473452756,0.7227265726449519
1489670-0,test,non_relevant,0,10,3.2241084575653076,0.0,0.0,0.0,0.0
1490447-0,test,non_relevant,0,10,0.3918037414550781,0.0,0.0,0.0,0.0
1492426-0,test,non_relevant,0,10,3.304988145828247,0.0,0.0,0.0,0.0
1492644#0,test,relevant,1,10,4.501233100891113,1.0,0.4468535299918563,0.8687949224876582,1.0
149267-0,dev,non_relevant,0,10,-0.12656795978546143,0.0,0.0,0.0,0.0
1492700-0,test,non_relevant,0,10,1.2526628971099854,0.0,0.0,0.0,0.0
149444-0,test,non_relevant,0,10,3.7346649169921875,0.0,0.0,0.0,0.0
1494982#0,test,relevant,1,10,7.165958881378174,0.639945385422766,0.5296347172140421,0.5296347172140421,0.7860137352654724
1495238#0,test,relevant,1,10,4.378108978271484,0.5296347172140421,0.27727342735504823,0.48522855511632257,0.4912596920895758
149580-0,test,non_relevant,0,10,5.583808422088623,0.0,0.0,0.0,0.0
149728#0,test,relevant,1,10,-0.9042654037475586,1.0,0.5,1.0,1.0
1498199-0,dev,non_relevant,0,10,-1.9609370231628418,0.0,0.0,0.0,0.0
1498881-0,test,non_relevant,0,10,1.9501043558120728,0.0,0.0,0.0,0.0
149977-0,test,non_relevant,0,10,0.6533555388450623,0.0,0.0,0.0,0.0
1500318-0,dev,non_relevant,0,10,1.584216833114624,0.0,0.0,0.0,0.0
1500432-0,dev,non_relevant,0,10,1.1071170568466187,0.0,0.0,0.0,0.0
1502544#0,test,relevant,1,10,7.206355571746826,0.8318724637288826,0.787702056960637,0.9828920819566879,0.787702056960637
1502794-0,test,non_relevant,0,10,1.3447357416152954,0.0,0.0,0.0,0.0
1503244-0,dev,non_relevant,0,10,1.771628737449646,0.0,0.0,0.0,0.0
1503296-0,test,non_relevant,0,10,1.9436824321746826,0.0,0.0,0.0,0.0
1504108-0,test,non_relevant,0,10,2.282930850982666,0.0,0.0,0.0,0.0
150479#0,dev,relevant,1,10,5.444414138793945,0.6508205185601091,0.6508205185601091,0.46927872602275644,1.0
1507049-0,test,non_relevant,0,10,4.314986705780029,0.0,0.0,0.0,0.0
1507489-0,test,non_relevant,0,10,-1.2060903310775757,0.0,0.0,0.0,0.0
1508270#0,test,relevant,1,10,3.360306739807129,0.7653606369886217,0.23463936301137822,0.5307212739772434,0.9674679834891693
1508794-0,dev,non_relevant,0,10,4.460031509399414,0.0,0.0,0.0,0.0
1510334#0,dev,relevant,1,10,1.66875159740448,0.6131471927654584,0.3065735963827292,0.6131471927654584,0.2640681225725909
1510927#0,test,relevant,1,10,6.5722150802612305,0.9469024295259745,0.20210734650054757,0.38364913903790027,0.7653606369886217
1514225-0,test,non_relevant,0,10,0.11645083129405975,0.0,0.0,0.0,0.0
1517303#0,test,relevant,1,10,4.995838642120361,1.0,0.43067655807339306,0.6309297535714575,1.0
1519974-0,test,non_relevant,0,10,6.685968399047852,0.0,0.0,0.0,0.0
1521191-0,dev,non_relevant,0,10,0.2917834520339966,0.0,0.0,0.0,0.0
1522433-0,dev,non_relevant,0,10,7.5422043800354,0.0,0.0,0.0,0.0
1523071#0,test,relevant,1,10,2.002072334289551,1.0,0.23719771276929622,0.9197207891481876,0.9197207891481876
152361-0,dev,non_relevant,0,10,7.704700469970703,0.0,0.0,0.0,0.0
152477-0,test,non_relevant,0,10,3.5135951042175293,0.0,0.0,0.0,0.0
152626-0,test,non_relevant,0,10,-2.1379122734069824,0.0,0.0,0.0,0.0
1526375#0,test,relevant,1,10,0.6194483041763306,0.9060254355346823,0.7328286204777911,1.0,0.7122630665145961
1526889#0,test,relevant,1,10,-1.3385825157165527,0.9674679834891693,0.49818925746641285,0.7653606369886217,0.9674679834891693
1526974-0,test,non_relevant,0,10,2.3309593200683594,0.0,0.0,0.0,0.0
1530447#0,dev,relevant,1,10,7.574500560760498,0.592512031964586,0.787702056960637,0.75369761125927,0.44149241373678083
1530510-0,test,non_relevant,0,10,2.8120434284210205,0.0,0.0,0.0,0.0
1530928-0,test,non_relevant,0,10,1.4045180082321167,0.0,0.0,0.0,0.0
1530935-0,test,non_relevant,0,10,2.2746286392211914,0.0,0.0,0.0,0.0
1531430-0,test,non_relevant,0,10,-1.203953504562378,0.0,0.0,0.0,0.0
153187-0,dev,non_relevant,0,10,4.05858850479126,0.0,0.0,0.0,0.0
1531908-0,test,non_relevant,0,10,-0.3840177059173584,0.0,0.0,0.0,0.0
1533302#0,dev,relevant,1,10,3.8215086460113525,0.8048099750039491,0.15101961822780524,0.44149241373678083,0.9828920819566879
1535218-0,test,non_relevant,0,10,3.1769704818725586,0.0,0.0,0.0,0.0
1535281-0,dev,non_relevant,0,10,6.225364685058594,0.0,0.0,0.0,0.0
1535719-0,dev,non_relevant,0,10,-1.7916008234024048,0.0,0.0,0.0,0.0
153631-0,dev,non_relevant,0,10,3.983692169189453,0.0,0.0,0.0,0.0
1537927-0,dev,non_relevant,0,10,3.031464099884033,0.0,0.0,0.0,0.0
1538128-0,dev,non_relevant,0,10,5.896642684936523,0.0,0.0,0.0,0.0
1538804-0,test,non_relevant,0,10,-0.5657246112823486,0.0,0.0,0.0,0.0
1540224-0,test,non_relevant,0,10,-3.8960375785827637,0.0,0.0,0.0,0.0
1542309-0,dev,non_relevant,0,10,1.4387342929840088,0.0,0.0,0.0,0.0
1542340#0,test,relevant,1,9,7.3552021980285645,1.0,0.41618115554873086,0.9469024295259745,1.0
1542426#0,test,relevant,1,10,6.231472492218018,0.48522855511632257,0.27727342735504823,0.34519134224686937,0.6843515475204855
1542860-0,test,non_relevant,0,10,9.984299659729004,0.0,0.0,0.0,0.0
1542880-0,test,non_relevant,0,10,2.0871524810791016,0.0,0.0,0.0,0.0
1543690-0,test,non_relevant,0,10,2.459585666656494,0.0,0.0,0.0,0.0
1543902#0,test,relevant,1,8,4.850735187530518,0.6934264036172708,0.9197207891481876,0.9197207891481876,0.9197207891481876
1543922-0,dev,non_relevant,0,10,5.404408931732178,0.0,0.0,0.0,0.0
1546008-0,dev,non_relevant,0,10,4.7998127937316895,0.0,0.0,0.0,0.0
154691-0,test,non_relevant,0,10,1.5479539632797241,0.0,0.0,0.0,0.0
1547288-0,dev,non_relevant,0,10,0.4637789726257324,0.0,0.0,0.0,0.0
154869-0,dev,non_relevant,0,10,-0.6976605653762817,0.0,0.0,0.0,0.0
154940#0,dev,relevant,1,10,10.25724983215332,0.6309297535714575,0.0,0.5,1.0
1549703-0,dev,non_relevant,0,10,1.1461392641067505,0.0,0.0,0.0,0.0
1549936-0,test,non_relevant,0,10,6.474739074707031,0.0,0.0,0.0,0.0
1550929#0,test,relevant,1,10,1.566938877105713,1.0,0.6309297535714575,1.0,1.0
1556018#0,test,relevant,1,10,6.342706680297852,0.6131471927654584,0.38685280723454163,0.2640681225725909,0.8503449055347546
1557214#0,test,relevant,1,10,7.0099945068359375,0.6131471927654584,0.5012658353418871,0.6131471927654584,0.6131471927654584
155754-0,test,non_relevant,0,10,4.4341864585876465,0.0,0.0,0.0,0.0
1557940-0,dev,non_relevant,0,10,1.0348656177520752,0.0,0.0,0.0,0.0
1558259-0,test,non_relevant,0,10,5.395397186279297,0.0,0.0,0.0,0.0
1560125#0,test,relevant,1,10,10.045539855957031,1.0,0.5,0.6309297535714575,1.0
1560848#0,test,relevant,1,10,6.923057556152344,1.0,0.8539316501572937,1.0,1.0
156405#0,test,relevant,1,10,6.765869617462158,0.8539316501572937,0.34519134224686937,0.639945385422766,0.8687949224876582
1564083#0,test,relevant,1,10,6.5189924240112305,0.43067655807339306,0.0,0.43067655807339306,1.0
1566612-0,dev,non_relevant,0,10,7.0847487449646,0.0,0.0,0.0,0.0
1566688-0,dev,non_relevant,0,10,-0.7227267026901245,0.0,0.0,0.0,0.0
1567740-0,dev,non_relevant,0,10,1.2066771984100342,0.0,0.0,0.0,0.0
156863-0,dev,non_relevant,0,10,4.661615371704102,0.0,0.0,0.0,0.0
1569423-0,test,non_relevant,0,10,7.805281162261963,0.0,0.0,0.0,0.0
1569597#0,test,relevant,1,10,5.528382301330566,0.5,0.0,0.38685280723454163,0.6309297535714575
1570704-0,test,non_relevant,0,10,5.333133220672607,0.0,0.0,0.0,0.0
1573520-0,test,non_relevant,0,10,1.3052661418914795,0.0,0.0,0.0,0.0
1573603-0,test,non_relevant,0,10,-0.633777916431427,0.0,0.0,0.0,0.0
1574360#0,dev,relevant,1,9,3.4178953170776367,0.43067655807339306,0.6309297535714575,0.6309297535714575,0.5
1576113-0,test,non_relevant,0,10,5.13781213760376,0.0,0.0,0.0,0.0
1577015-0,test,non_relevant,0,10,-2.077589511871338,0.0,0.0,0.0,0.0
1577523#0,test,relevant,1,10,3.9324588775634766,0.8687949224876582,0.8687949224876582,0.8687949224876582,1.0
157900#0,dev,relevant,1,10,5.605643272399902,0.6309297535714575,1.0,1.0,0.5
1582015#0,dev,relevant,1,10,3.5592637062072754,1.0,0.2960819109658652,0.7039180890341347,0.7328286204777911
1582515#0,test,relevant,1,10,5.8847808837890625,0.5,0.0,0.0,0.38685280723454163
1585723-0,dev,non_relevant,0,10,-0.6196448802947998,0.0,0.0,0.0,0.0
1586907-0,dev,non_relevant,0,10,4.171126365661621,0.0,0.0,0.0,0.0
1587153#0,test,relevant,1,10,4.761038303375244,1.0,0.8772153153380493,0.9197207891481876,0.9197207891481876
1587501-0,dev,non_relevant,0,10,3.0461137294769287,0.0,0.0,0.0,0.0
1588187-0,dev,non_relevant,0,10,1.5522823333740234,0.0,0.0,0.0,0.0
1589489#0,test,relevant,1,10,5.193437099456787,0.38685280723454163,0.3065735963827292,0.6131471927654584,0.6131471927654584
1591037-0,dev,non_relevant,0,10,0.3721979260444641,0.0,0.0,0.0,0.0
1594996#0,test,relevant,1,10,5.683659076690674,1.0,0.5147714448836774,0.8687949224876582,1.0
1596836-0,dev,non_relevant,0,10,2.1504056453704834,0.0,0.0,0.0,0.0
159687-0,test,non_relevant,0,10,0.013204218819737434,0.0,0.0,0.0,0.0
1601234-0,test,non_relevant,0,10,1.5871813297271729,0.0,0.0,0.0,0.0
1602302-0,dev,non_relevant,0,10,3.307971954345703,0.0,0.0,0.0,0.0
1603049-0,dev,non_relevant,0,10,-4.221199035644531,0.0,0.0,0.0,0.0
1604249#0,dev,relevant,1,10,6.579710006713867,0.8539316501572937,0.4468535299918563,0.5296347172140421,0.8687949224876582
1604272-0,test,non_relevant,0,10,1.7341370582580566,0.0,0.0,0.0,0.0
1605305-0,test,non_relevant,0,10,3.325474739074707,0.0,0.0,0.0,0.0
1607639-0,dev,non_relevant,0,10,4.83839225769043,0.0,0.0,0.0,0.0
1607724#0,dev,relevant,1,10,2.2503409385681152,1.0,0.43067655807339306,0.6309297535714575,1.0
1608005-0,dev,non_relevant,0,10,6.470503807067871,0.0,0.0,0.0,0.0
1608288-0,dev,non_relevant,0,10,-2.0821986198425293,0.0,0.0,0.0,0.0
1608519-0,dev,non_relevant,0,10,-2.275360584259033,0.0,0.0,0.0,0.0
1609324-0,test,non_relevant,0,10,1.2050833702087402,0.0,0.0,0.0,0.0
1609428-0,test,non_relevant,0,10,3.5514984130859375,0.0,0.0,0.0,0.0
161104#0,test,relevant,1,7,7.950947284698486,0.8529278650606567,0.18154179253735267,0.23463936301137822,1.0
1611171#0,dev,relevant,1,10,6.075632095336914,0.7039180890341347,0.2960819109658652,0.6713860725233041,0.9674679834891693
1611516-0,test,non_relevant,0,10,-2.6367244720458984,0.0,0.0,0.0,0.0
161164-0,dev,non_relevant,0,10,2.965029716491699,0.0,0.0,0.0,0.0
1613522-0,dev,non_relevant,0,10,-0.35362952947616577,0.0,0.0,0.0,0.0
161362-0,test,non_relevant,0,10,1.3748810291290283,0.0,0.0,0.0,0.0
1614654#0,test,relevant,1,10,7.48532772064209,1.0,1.0,1.0,1.0
1616065-0,test,non_relevant,0,10,2.87066650390625,0.0,0.0,0.0,0.0
161723-0,test,non_relevant,0,10,-0.47384172677993774,0.0,0.0,0.0,0.0
1617825-0,dev,non_relevant,0,10,5.748976707458496,0.0,0.0,0.0,0.0
1619752-0,test,non_relevant,0,10,4.172194004058838,0.0,0.0,0.0,0.0
1620293-0,dev,non_relevant,0,10,4.8043646812438965,0.0,0.0,0.0,0.0
162039#0,test,relevant,1,10,8.551458358764648,1.0,0.38685280723454163,0.6309297535714575,1.0
1624958#0,test,relevant,1,10,7.893082141876221,0.6131471927654584,0.6131471927654584,0.9197207891481876,0.6131471927654584
1628636-0,test,non_relevant,0,10,0.8866275548934937,0.0,0.0,0.0,0.0
1629864-0,test,non_relevant,0,10,3.016740322113037,0.0,0.0,0.0,0.0
1630379-0,test,non_relevant,0,10,1.0318909883499146,0.0,0.0,0.0,0.0
1630559#0,test,relevant,1,10,6.666067600250244,0.7039180890341347,1.0,1.0,0.6713860725233041
1631770-0,test,non_relevant,0,10,-1.5099304914474487,0.0,0.0,0.0,0.0
1631881#0,test,relevant,1,10,4.664051532745361,0.38685280723454163,0.0,0.0,0.5
1632702-0,test,non_relevant,0,10,3.886045217514038,0.0,0.0,0.0,0.0
163570#0,test,relevant,1,10,8.068306922912598,1.0,1.0,1.0,1.0
1637666-0,dev,non_relevant,0,10,0.9503031969070435,0.0,0.0,0.0,0.0
1637992-0,test,non_relevant,0,10,7.826261043548584,0.0,0.0,0.0,0.0
1639282-0,dev,non_relevant,0,10,2.0593929290771484,0.0,0.0,0.0,0.0
1643408-0,test,non_relevant,0,10,-1.983081579208374,0.0,0.0,0.0,0.0
1644685-0,test,non_relevant,0,10,-3.927766799926758,0.0,0.0,0.0,0.0
1644716-0,test,non_relevant,0,10,1.07200288772583,0.0,0.0,0.0,0.0
1645657#0,dev,relevant,1,10,1.222872018814087,0.4468535299918563,0.30078518014914984,0.48522855511632257,0.6548086577531307
1646860#0,test,relevant,1,10,7.408436298370361,1.0,0.6608397947263839,1.0,0.8539316501572937
1653677#0,dev,relevant,1,10,4.440952301025391,0.6934264036172708,0.5012658353418871,0.5706417189553201,0.6934264036172708
1655317#0,dev,relevant,1,10,4.775989532470703,1.0,0.6309297535714575,0.6309297535714575,0.6309297535714575
1658064-0,dev,non_relevant,0,10,0.7102689743041992,0.0,0.0,0.0,0.0
1658545-0,dev,non_relevant,0,10,-1.125502109527588,0.0,0.0,0.0,0.0
1659289-0,test,non_relevant,0,10,4.228847503662109,0.0,0.0,0.0,0.0
1660061#0,dev,relevant,1,10,2.10176420211792,0.5706417189553201,0.38685280723454163,0.38685280723454163,0.8503449055347546
1661437-0,dev,non_relevant,0,10,-1.8617795705795288,0.0,0.0,0.0,0.0
1661746#0,dev,relevant,1,10,8.875770568847656,0.6309297535714575,0.43067655807339306,0.6309297535714575,0.6309297535714575
1662597-0,test,non_relevant,0,10,0.16784127056598663,0.0,0.0,0.0,0.0
1662669-0,dev,non_relevant,0,10,-2.1539549827575684,0.0,0.0,0.0,0.0
1662933#0,test,relevant,1,10,8.385058403015137,1.0,1.0,1.0,1.0
1666036#0,dev,relevant,1,10,5.289592742919922,0.6309297535714575,0.43067655807339306,0.6309297535714575,1.0
1667602-0,test,non_relevant,0,10,4.227433204650879,0.0,0.0,0.0,0.0
1667899-0,test,non_relevant,0,10,0.6502369046211243,0.0,0.0,0.0,0.0
1668376-0,test,non_relevant,0,10,-0.3762640953063965,0.0,0.0,0.0,0.0
1668728-0,test,non_relevant,0,10,2.346917152404785,0.0,0.0,0.0,0.0
1670663#0,dev,relevant,1,10,2.580378532409668,0.6309297535714575,0.6309297535714575,0.6309297535714575,1.0
1671246#0,test,relevant,1,10,3.8945133686065674,0.0,0.5,0.0,0.43067655807339306
1671590-0,test,non_relevant,0,10,3.136648178100586,0.0,0.0,0.0,0.0
167182#0,test,relevant,1,10,2.3809032440185547,0.0,0.6309297535714575,0.38685280723454163,0.43067655807339306
167204-0,dev,non_relevant,0,10,1.3050376176834106,0.0,0.0,0.0,0.0
1672618#0,test,relevant,1,10,0.6665704846382141,0.6309297535714575,0.43067655807339306,0.5,0.6309297535714575
1673041-0,test,non_relevant,0,10,0.2814859449863434,0.0,0.0,0.0,0.0
1674677-0,dev,non_relevant,0,10,-3.2709569931030273,0.0,0.0,0.0,0.0
1674893-0,test,non_relevant,0,10,3.5940210819244385,0.0,0.0,0.0,0.0
167793-0,dev,non_relevant,0,10,2.6863794326782227,0.0,0.0,0.0,0.0
1679412-0,dev,non_relevant,0,10,1.0921210050582886,0.0,0.0,0.0,0.0
1682385#0,test,relevant,1,10,6.9060564041137695,0.9197207891481876,0.23719771276929622,0.8503449055347546,1.0
1684478-0,test,non_relevant,0,10,0.8450446128845215,0.0,0.0,0.0,0.0
168471#0,dev,relevant,1,10,9.37773323059082,0.830419897363192,0.830419897363192,0.6608397947263839,1.0
1688399#0,test,relevant,1,8,2.748901844024658,0.9197207891481876,0.3065735963827292,0.6131471927654584,0.8772153153380493
1690513-0,dev,non_relevant,0,10,0.5225319862365723,0.0,0.0,0.0,0.0
1690612#0,test,relevant,1,10,7.104087829589844,0.9197207891481876,0.5706417189553201,0.9197207891481876,1.0
1691233#0,test,relevant,1,10,5.453797817230225,0.8687949224876582,0.21398626473452756,0.6164336326286644,0.830419897363192
1692022#0,test,relevant,1,10,6.454970359802246,1.0,0.6934264036172708,1.0,1.0
1692100-0,test,non_relevant,0,10,2.685792922973633,0.0,0.0,0.0,0.0
1692509-0,test,non_relevant,0,10,3.738802909851074,0.0,0.0,0.0,0.0
169286#0,test,relevant,1,10,6.223378658294678,0.6309297535714575,0.5,0.6309297535714575,0.6309297535714575
1693096-0,test,non_relevant,0,10,2.4127190113067627,0.0,0.0,0.0,0.0
1693824-0,test,non_relevant,0,10,-7.069819927215576,0.0,0.0,0.0,0.0
1695559#0,test,relevant,1,10,1.8460862636566162,0.0,0.2640681225725909,0.2640681225725909,0.2640681225725909
1696134-0,dev,non_relevant,0,10,1.5456055402755737,0.0,0.0,0.0,0.0
1697896#0,test,relevant,1,10,1.3673197031021118,0.43067655807339306,0.0,0.0,0.6309297535714575
1698138-0,test,non_relevant,0,10,4.107929229736328,0.0,0.0,0.0,0.0
1698585#0,test,relevant,1,8,8.200477600097656,0.7860137352654724,0.8687949224876582,0.8687949224876582,0.830419897363192
1699570-0,test,non_relevant,0,10,0.9549404382705688,0.0,0.0,0.0,0.0
1703186#0,test,relevant,1,10,3.339468479156494,0.38685280723454163,0.38685280723454163,0.5,0.0
1703207-0,test,non_relevant,0,10,1.0115201473236084,0.0,0.0,0.0,0.0
1704417#0,test,relevant,1,10,8.070196151733398,0.5,0.38685280723454163,0.6309297535714575,0.6309297535714575
1705204-0,dev,non_relevant,0,10,3.82012939453125,0.0,0.0,0.0,0.0
1706341-0,dev,non_relevant,0,10,1.6207106113433838,0.0,0.0,0.0,0.0
1709828#0,test,relevant,1,10,5.2562785148620605,0.43067655807339306,0.6309297535714575,1.0,0.43067655807339306
1710475-0,dev,non_relevant,0,10,5.128706932067871,0.0,0.0,0.0,0.0
171184-0,dev,non_relevant,0,10,1.2482566833496094,0.0,0.0,0.0,0.0
1712457-0,test,non_relevant,0,10,3.8504066467285156,0.0,0.0,0.0,0.0
1719911-0,dev,non_relevant,0,10,3.7362477779388428,0.0,0.0,0.0,0.0
1719936#0,dev,relevant,1,10,6.205618858337402,1.0,0.48522855511632257,0.8539316501572937,1.0
1719980-0,test,non_relevant,0,10,0.7039940357208252,0.0,0.0,0.0,0.0
1721904#0,test,relevant,1,10,4.064909934997559,0.6309297535714575,0.0,0.43067655807339306,1.0
1722647#0,test,relevant,1,10,6.712286472320557,0.5,0.38685280723454163,0.43067655807339306,0.6309297535714575
17254#0,test,relevant,1,10,5.82905912399292,0.8529278650606567,0.2960819109658652,0.7653606369886217,0.9469024295259745
1726881-0,test,non_relevant,0,10,-0.5136581063270569,0.0,0.0,0.0,0.0
1727936-0,test,non_relevant,0,10,4.6443681716918945,0.0,0.0,0.0,0.0
172819#0,test,relevant,1,8,3.1182472705841064,0.6309297535714575,0.0,0.43067655807339306,0.5
173085-0,test,non_relevant,0,10,0.5309544801712036,0.0,0.0,0.0,0.0
1731494#0,test,relevant,1,10,3.054325580596924,0.6366824387328317,0.5855700749881525,0.5413996682199069,0.9828920819566879
173203-0,dev,non_relevant,0,10,2.1039772033691406,0.0,0.0,0.0,0.0
1737079-0,test,non_relevant,0,10,4.460400104522705,0.0,0.0,0.0,0.0
1737094-0,test,non_relevant,0,10,3.4476828575134277,0.0,0.0,0.0,0.0
173715#0,test,relevant,1,10,4.643062114715576,0.7653606369886217,0.7653606369886217,0.8529278650606567,0.9674679834891693
1737834-0,dev,non_relevant,0,10,4.424819469451904,0.0,0.0,0.0,0.0
1738124#0,test,relevant,1,10,5.55588436126709,0.18154179253735267,0.7653606369886217,0.41618115554873086,0.20210734650054757
1738836#0,dev,relevant,1,10,3.101259231567383,0.0,0.43067655807339306,0.0,0.0
1739385#0,test,relevant,1,10,2.1886370182037354,1.0,0.0,0.43067655807339306,1.0
1740255-0,dev,non_relevant,0,10,-1.484660029411316,0.0,0.0,0.0,0.0
1740362-0,dev,non_relevant,0,10,0.259318470954895,0.0,0.0,0.0,0.0
1740485-0,test,non_relevant,0,10,1.262557029724121,0.0,0.0,0.0,0.0
1741183#0,test,relevant,1,10,5.803104400634766,0.5437713091520254,0.2640681225725909,0.3065735963827292,0.6131471927654584
1744982-0,test,non_relevant,0,10,1.5250115394592285,0.0,0.0,0.0,0.0
1749964-0,test,non_relevant,0,10,-0.055031806230545044,0.0,0.0,0.0,0.0
175129-0,dev,non_relevant,0,10,0.6542498469352722,0.0,0.0,0.0,0.0
175233-0,test,non_relevant,0,10,3.340134620666504,0.0,0.0,0.0,0.0
1754114-0,test,non_relevant,0,10,5.868297576904297,0.0,0.0,0.0,0.0
1755672-0,test,non_relevant,0,10,-0.12868435680866241,0.0,0.0,0.0,0.0
1755730#0,dev,relevant,1,10,5.311800479888916,0.6240505200038379,0.0,0.2640681225725909,0.5437713091520254
175732-0,test,non_relevant,0,10,-1.6155567169189453,0.0,0.0,0.0,0.0
1757417-0,dev,non_relevant,0,10,1.2047768831253052,0.0,0.0,0.0,0.0
1762098#0,test,relevant,1,10,7.057623863220215,0.8539316501572937,0.13120507751234178,0.5087403079104241,0.8687949224876582
1762597-0,test,non_relevant,0,10,1.0631169080734253,0.0,0.0,0.0,0.0
1765980-0,dev,non_relevant,0,10,6.4050679206848145,0.0,0.0,0.0,0.0
176837-0,test,non_relevant,0,10,1.717130422592163,0.0,0.0,0.0,0.0
1770668-0,dev,non_relevant,0,10,3.0764408111572266,0.0,0.0,0.0,0.0
1770875#0,test,relevant,1,10,6.437188148498535,1.0,0.6131471927654584,0.8772153153380493,0.9197207891481876
1772156-0,dev,non_relevant,0,10,-0.7319888472557068,0.0,0.0,0.0,0.0
1772958#0,test,relevant,1,10,2.615464210510254,0.7653606369886217,0.23463936301137822,0.6713860725233041,0.8529278650606567
1773278-0,test,non_relevant,0,10,3.715055465698242,0.0,0.0,0.0,0.0
1777483-0,dev,non_relevant,0,10,-3.0344464778900146,0.0,0.0,0.0,0.0
1779078-0,test,non_relevant,0,10,3.7302072048187256,0.0,0.0,0.0,0.0
1779758-0,test,non_relevant,0,10,2.575763463973999,0.0,0.0,0.0,0.0
1781486#0,test,relevant,1,10,4.4791646003723145,0.5,0.5,0.43067655807339306,0.6309297535714575
1785571-0,test,non_relevant,0,10,1.653385043144226,0.0,0.0,0.0,0.0
178658#0,test,relevant,1,10,5.917255401611328,1.0,0.5,1.0,1.0
1787376-0,dev,non_relevant,0,10,7.1782941818237305,0.0,0.0,0.0,0.0
1789489-0,test,non_relevant,0,10,4.425773620605469,0.0,0.0,0.0,0.0
1790767#0,test,relevant,1,10,2.328569173812866,0.5,0.6309297535714575,0.6309297535714575,1.0
1791190-0,dev,non_relevant,0,10,-0.1653471142053604,0.0,0.0,0.0,0.0
1792236-0,dev,non_relevant,0,10,1.2008134126663208,0.0,0.0,0.0,0.0
1792403#0,test,relevant,1,10,7.89115571975708,1.0,0.43067655807339306,1.0,1.0
1793396#0,dev,relevant,1,10,2.8588104248046875,0.5855700749881525,0.44149241373678083,0.6366824387328317,0.9828920819566879
1793668-0,test,non_relevant,0,10,2.404757022857666,0.0,0.0,0.0,0.0
1794533-0,dev,non_relevant,0,10,3.5443081855773926,0.0,0.0,0.0,0.0
1798326-0,dev,non_relevant,0,10,3.204658031463623,0.0,0.0,0.0,0.0
1799200-0,test,non_relevant,0,10,3.5078001022338867,0.0,0.0,0.0,0.0
1800365-0,test,non_relevant,0,10,5.227020740509033,0.0,0.0,0.0,0.0
1801262-0,dev,non_relevant,0,10,5.2592315673828125,0.0,0.0,0.0,0.0
1802928-0,test,non_relevant,0,10,-1.4504684209823608,0.0,0.0,0.0,0.0
1803001#0,test,relevant,1,10,6.53148078918457,0.8539316501572937,0.6164336326286644,0.7860137352654724,0.7860137352654724
1804691-0,test,non_relevant,0,10,4.773941993713379,0.0,0.0,0.0,0.0
1809443#0,test,relevant,1,10,6.207483768463135,0.7653606369886217,0.49818925746641285,0.7653606369886217,1.0
1810057-0,test,non_relevant,0,10,5.665817737579346,0.0,0.0,0.0,0.0
1810553-0,test,non_relevant,0,10,5.3829026222229,0.0,0.0,0.0,0.0
1812060#0,test,relevant,1,10,7.171980381011963,1.0,0.6608397947263839,1.0,1.0
1814014#0,test,relevant,1,10,8.90981674194336,1.0,0.0,0.5,1.0
181442#0,dev,relevant,1,10,5.788854598999023,0.6843515475204855,0.13120507751234178,0.3156484524795145,0.8687949224876582
1815977-0,test,non_relevant,0,10,3.602395534515381,0.0,0.0,0.0,0.0
181991#0,test,relevant,1,10,1.5910625457763672,0.38685280723454163,0.6309297535714575,1.0,1.0
1822590#0,test,relevant,1,10,4.179720401763916,1.0,0.38685280723454163,0.6309297535714575,1.0
1823821-0,dev,non_relevant,0,10,2.2179577350616455,0.0,0.0,0.0,0.0
182430#0,test,relevant,1,10,4.820044994354248,1.0,0.6309297535714575,1.0,1.0
1824356-0,test,non_relevant,0,10,1.3976331949234009,0.0,0.0,0.0,0.0
182500-0,test,non_relevant,0,10,2.861629009246826,0.0,0.0,0.0,0.0
182501-0,dev,non_relevant,0,10,-3.1784517765045166,0.0,0.0,0.0,0.0
1825035-0,test,non_relevant,0,10,-0.022250622510910034,0.0,0.0,0.0,0.0
1828281#0,dev,relevant,1,10,5.429717540740967,0.8687949224876582,0.830419897363192,1.0,0.8539316501572937
1829284#0,test,relevant,1,10,4.796137809753418,0.7653606369886217,0.7653606369886217,0.8854598815714874,0.5307212739772434
1829540-0,test,non_relevant,0,10,5.357900142669678,0.0,0.0,0.0,0.0
1830677#0,test,relevant,1,10,4.474140167236328,1.0,0.38685280723454163,0.6309297535714575,1.0
183224-0,dev,non_relevant,0,10,1.5142436027526855,0.0,0.0,0.0,0.0
1834500-0,test,non_relevant,0,10,0.05234026908874512,0.0,0.0,0.0,0.0
1837540-0,dev,non_relevant,0,10,4.996094703674316,0.0,0.0,0.0,0.0
1838967#0,test,relevant,1,10,4.592620849609375,0.6934264036172708,1.0,1.0,0.9197207891481876
1839603#0,test,relevant,1,10,7.090536117553711,0.8048099750039491,0.787702056960637,0.8048099750039491,1.0
18411-0,test,non_relevant,0,10,2.7266757488250732,0.0,0.0,0.0,0.0
1841546#0,test,relevant,1,10,3.7022910118103027,1.0,0.43067655807339306,1.0,1.0
1842099#0,test,relevant,1,10,6.683250427246094,0.20210734650054757,0.38364913903790027,0.20210734650054757,0.4367467095119258
1845820-0,dev,non_relevant,0,10,7.227110385894775,0.0,0.0,0.0,0.0
1846606#0,test,relevant,1,10,3.242339611053467,0.9828920819566879,0.16812753627111746,0.7095272044910244,0.7365896932159578
1846681-0,dev,non_relevant,0,10,4.750938415527344,0.0,0.0,0.0,0.0
1847124-0,test,non_relevant,0,10,-0.47954773902893066,0.0,0.0,0.0,0.0
1847253-0,test,non_relevant,0,10,4.948643684387207,0.0,0.0,0.0,0.0
1848234-0,test,non_relevant,0,10,4.08188533782959,0.0,0.0,0.0,0.0
1849393#0,dev,relevant,1,10,5.7641096115112305,0.75369761125927,0.5143371794949736,0.6366824387328317,0.7365896932159578
1850282-0,test,non_relevant,0,10,4.0358076095581055,0.0,0.0,0.0,0.0
1851823-0,test,non_relevant,0,10,2.8686866760253906,0.0,0.0,0.0,0.0
1853353-0,test,non_relevant,0,10,0.27985072135925293,0.0,0.0,0.0,0.0
185673#0,test,relevant,1,10,4.791487216949463,0.6934264036172708,0.23719771276929622,0.38685280723454163,0.38685280723454163
1858455-0,test,non_relevant,0,10,4.329868316650391,0.0,0.0,0.0,0.0
1860344-0,test,non_relevant,0,10,2.6413393020629883,0.0,0.0,0.0,0.0
1861796#0,test,relevant,1,10,6.966999530792236,0.7227265726449519,0.5147714448836774,0.6992148198508501,1.0
1863566-0,dev,non_relevant,0,10,2.743112087249756,0.0,0.0,0.0,0.0
1864036#0,test,relevant,1,10,7.417605876922607,1.0,1.0,1.0,1.0
186418#0,test,relevant,1,10,1.342551827430725,0.43067655807339306,0.0,0.0,1.0
1865837-0,test,non_relevant,0,10,1.7937620878219604,0.0,0.0,0.0,0.0
1867942-0,test,non_relevant,0,10,3.945115804672241,0.0,0.0,0.0,0.0
1868367#0,test,relevant,1,10,4.625670909881592,0.7039180890341347,0.4776237035032179,0.7328286204777911,0.6713860725233041
18691#0,test,relevant,1,10,7.149612903594971,0.6131471927654584,0.2640681225725909,0.6131471927654584,0.8503449055347546
1872418-0,test,non_relevant,0,10,7.934267044067383,0.0,0.0,0.0,0.0
1873250-0,test,non_relevant,0,10,2.876857280731201,0.0,0.0,0.0,0.0
1873262-0,test,non_relevant,0,10,6.1862335205078125,0.0,0.0,0.0,0.0
1878951#0,test,relevant,1,10,8.731887817382812,1.0,0.0,0.7653606369886217,1.0
1879005-0,test,non_relevant,0,10,3.4472832679748535,0.0,0.0,0.0,0.0
1879141#0,test,relevant,1,10,4.2074432373046875,0.6509209298071326,0.6131471927654584,0.8503449055347546,0.9197207891481876
188245#0,dev,relevant,1,10,3.7769362926483154,0.6309297535714575,0.0,0.5,1.0
1883517-0,dev,non_relevant,0,10,4.716020584106445,0.0,0.0,0.0,0.0
1884013-0,dev,non_relevant,0,10,2.333726167678833,0.0,0.0,0.0,0.0
188481#0,test,relevant,1,10,1.913696527481079,0.0,0.38685280723454163,0.0,1.0
1885195-0,dev,non_relevant,0,10,3.0138115882873535,0.0,0.0,0.0,0.0
1886296-0,test,non_relevant,0,10,1.5773662328720093,0.0,0.0,0.0,0.0
1887141-0,dev,non_relevant,0,10,-0.07374082505702972,0.0,0.0,0.0,0.0
188983#0,dev,relevant,1,10,7.210498809814453,0.4144299250118475,0.4144299250118475,0.6366824387328317,0.5855700749881525
189008-0,test,non_relevant,0,10,4.319873809814453,0.0,0.0,0.0,0.0
1890551-0,dev,non_relevant,0,10,2.3805031776428223,0.0,0.0,0.0,0.0
18915-0,test,non_relevant,0,10,-0.31839168071746826,0.0,0.0,0.0,0.0
1892067#0,test,relevant,1,10,4.659459590911865,0.6934264036172708,1.0,1.0,0.6934264036172708
1892328-0,test,non_relevant,0,10,3.6180663108825684,0.0,0.0,0.0,0.0
1893405-0,test,non_relevant,0,10,0.22875842452049255,0.0,0.0,0.0,0.0
1893433-0,test,non_relevant,0,10,3.574165105819702,0.0,0.0,0.0,0.0
1893667#0,test,relevant,1,8,7.224859237670898,1.0,0.43067655807339306,1.0,1.0
1898417-0,test,non_relevant,0,10,1.4542499780654907,0.0,0.0,0.0,0.0
19006#0,test,relevant,1,10,6.440160274505615,1.0,0.43067655807339306,1.0,1.0
1900993-0,test,non_relevant,0,10,4.90956974029541,0.0,0.0,0.0,0.0
1906256-0,test,non_relevant,0,10,-0.9706410765647888,0.0,0.0,0.0,0.0
1916318-0,test,non_relevant,0,10,1.5239179134368896,0.0,0.0,0.0,0.0
191683-0,dev,non_relevant,0,10,3.6944499015808105,0.0,0.0,0.0,0.0
1917089#0,test,relevant,1,10,3.649287223815918,1.0,0.38685280723454163,1.0,1.0
1918355#0,dev,relevant,1,10,3.7058849334716797,1.0,0.0,0.43067655807339306,0.6309297535714575
1919665-0,dev,non_relevant,0,10,5.347826957702637,0.0,0.0,0.0,0.0
1919705#0,dev,relevant,1,10,3.7971558570861816,0.38685280723454163,1.0,0.6309297535714575,0.38685280723454163
1919834-0,test,non_relevant,0,10,7.03532600402832,0.0,0.0,0.0,0.0
1920519-0,dev,non_relevant,0,10,0.2592744529247284,0.0,0.0,0.0,0.0
1920538#0,test,relevant,1,10,4.175342559814453,1.0,0.38685280723454163,0.9197207891481876,0.6934264036172708
1924240-0,test,non_relevant,0,10,0.47641605138778687,0.0,0.0,0.0,0.0
193434-0,dev,non_relevant,0,10,-1.0518848896026611,0.0,0.0,0.0,0.0
197767#0,test,relevant,1,10,7.450944900512695,1.0,1.0,1.0,0.6309297535714575
199534#0,dev,relevant,1,10,5.557608604431152,1.0,0.38685280723454163,0.6309297535714575,0.6309297535714575
200384#0,test,relevant,1,10,6.574443340301514,1.0,0.38685280723454163,0.8772153153380493,0.8772153153380493
202033#0,test,relevant,1,10,6.230815887451172,0.5706417189553201,0.0,0.0,0.9197207891481876
202102#0,dev,relevant,1,10,7.393281936645508,0.6992148198508501,0.4703652827859579,0.639945385422766,0.7227265726449519
20341-0,test,non_relevant,0,10,1.4040355682373047,0.0,0.0,0.0,0.0
20344#0,test,relevant,1,10,5.257598400115967,1.0,0.0,1.0,1.0
207255#0,test,relevant,1,9,1.5423109531402588,1.0,0.0,0.5,0.0
209522-0,test,non_relevant,0,10,6.718564510345459,0.0,0.0,0.0,0.0
210032-0,test,non_relevant,0,10,0.9194002747535706,0.0,0.0,0.0,0.0
210128-0,dev,non_relevant,0,10,-2.2135510444641113,0.0,0.0,0.0,0.0
210354#0,dev,relevant,1,10,6.082022190093994,1.0,0.43067655807339306,0.6309297535714575,1.0
210896-0,dev,non_relevant,0,10,-1.1627641916275024,0.0,0.0,0.0,0.0
212535-0,test,non_relevant,0,10,0.7696002125740051,0.0,0.0,0.0,0.0
21259-0,test,non_relevant,0,10,-2.0094337463378906,0.0,0.0,0.0,0.0
212697-0,dev,non_relevant,0,10,4.42331600189209,0.0,0.0,0.0,0.0
213053-0,test,non_relevant,0,10,0.9570047855377197,0.0,0.0,0.0,0.0
213675-0,dev,non_relevant,0,10,4.713567733764648,0.0,0.0,0.0,0.0
213743-0,dev,non_relevant,0,10,2.1253952980041504,0.0,0.0,0.0,0.0
214406#0,dev,relevant,1,10,2.7494077682495117,0.6713860725233041,0.18154179253735267,0.23463936301137822,0.7653606369886217
214811-0,test,non_relevant,0,10,3.8348488807678223,0.0,0.0,0.0,0.0
21542-0,test,non_relevant,0,10,4.353548049926758,0.0,0.0,0.0,0.0
216508-0,dev,non_relevant,0,10,2.7781097888946533,0.0,0.0,0.0,0.0
21656#0,test,relevant,1,10,10.326641082763672,0.6240505200038379,0.23719771276929622,0.3065735963827292,0.5437713091520254
217818#0,dev,relevant,1,10,4.649114608764648,0.5,0.0,0.0,0.6309297535714575
218289#0,test,relevant,1,10,5.803725242614746,0.9558295932317544,0.15101961822780524,0.5654495432396527,0.75369761125927
218551-0,dev,non_relevant,0,10,-5.122071266174316,0.0,0.0,0.0,0.0
218961#0,dev,relevant,1,10,6.788785934448242,1.0,1.0,1.0,1.0
219408-0,dev,non_relevant,0,10,3.784135580062866,0.0,0.0,0.0,0.0
219767-0,dev,non_relevant,0,10,3.4775590896606445,0.0,0.0,0.0,0.0
219906#0,test,relevant,1,9,1.9947195053100586,0.5307212739772434,0.5307212739772434,0.9060254355346823,0.9060254355346823
220002-0,test,non_relevant,0,10,2.3580641746520996,0.0,0.0,0.0,0.0
221197-0,test,non_relevant,0,10,4.213374614715576,0.0,0.0,0.0,0.0
22326-0,dev,non_relevant,0,10,4.871758460998535,0.0,0.0,0.0,0.0
223323-0,test,non_relevant,0,10,3.325157642364502,0.0,0.0,0.0,0.0
2251126-0,dev,non_relevant,0,10,0.6547648906707764,0.0,0.0,0.0,0.0
22524#0,test,relevant,1,10,4.013291358947754,1.0,0.0,0.5,1.0
225308#0,test,relevant,1,10,1.9218742847442627,0.0,0.43067655807339306,0.43067655807339306,1.0
225339#0,dev,relevant,1,10,3.6027095317840576,0.6309297535714575,0.6309297535714575,0.6309297535714575,0.5
225428#0,test,relevant,1,10,-2.1493988037109375,0.43067655807339306,1.0,0.6309297535714575,0.43067655807339306
225680#0,test,relevant,1,10,7.307811260223389,1.0,0.5,1.0,1.0
226119-0,test,non_relevant,0,10,-1.754331111907959,0.0,0.0,0.0,0.0
227497-0,test,non_relevant,0,10,0.6173561811447144,0.0,0.0,0.0,0.0
228254-0,dev,non_relevant,0,10,6.715815544128418,0.0,0.0,0.0,0.0
228532#0,dev,relevant,1,10,7.38751745223999,1.0,0.0,0.38685280723454163,1.0
23120-0,test,non_relevant,0,10,0.9141256809234619,0.0,0.0,0.0,0.0
232108#0,test,relevant,1,10,7.502994537353516,1.0,1.0,1.0,1.0
232338-0,test,non_relevant,0,10,1.9691929817199707,0.0,0.0,0.0,0.0
233371-0,test,non_relevant,0,10,-2.6269097328186035,0.0,0.0,0.0,0.0
233717-0,dev,non_relevant,0,10,4.850851058959961,0.0,0.0,0.0,0.0
235405#0,test,relevant,1,10,3.7996914386749268,1.0,0.0,0.5,1.0
23578-0,test,non_relevant,0,10,0.9574822187423706,0.0,0.0,0.0,0.0
239147-0,test,non_relevant,0,10,5.597312927246094,0.0,0.0,0.0,0.0
242093#0,dev,relevant,1,10,4.9326958656311035,1.0,0.0,0.38685280723454163,1.0
243621-0,dev,non_relevant,0,10,1.378467082977295,0.0,0.0,0.0,0.0
243718-0,test,non_relevant,0,10,-1.3074378967285156,0.0,0.0,0.0,0.0
243968-0,test,non_relevant,0,10,-1.2174673080444336,0.0,0.0,0.0,0.0
244045#0,test,relevant,1,10,5.995046615600586,1.0,0.5437713091520254,1.0,1.0
246162-0,test,non_relevant,0,10,7.0570878982543945,0.0,0.0,0.0,0.0
251255-0,test,non_relevant,0,10,2.45462703704834,0.0,0.0,0.0,0.0
254661-0,dev,non_relevant,0,10,5.439889907836914,0.0,0.0,0.0,0.0
256817#0,dev,relevant,1,10,7.27097225189209,1.0,1.0,1.0,1.0
257962#0,test,relevant,1,10,2.5917983055114746,0.38685280723454163,0.5,0.43067655807339306,1.0
259187-0,test,non_relevant,0,10,0.17144787311553955,0.0,0.0,0.0,0.0
259426-0,test,non_relevant,0,10,-0.7567704916000366,0.0,0.0,0.0,0.0
259558-0,dev,non_relevant,0,10,2.7782700061798096,0.0,0.0,0.0,0.0
260243#0,test,relevant,1,10,2.3082704544067383,0.6309297535714575,0.0,0.43067655807339306,1.0
262533-0,dev,non_relevant,0,10,-2.364758014678955,0.0,0.0,0.0,0.0
262846-0,test,non_relevant,0,10,1.5809648036956787,0.0,0.0,0.0,0.0
264426-0,test,non_relevant,0,10,3.152878999710083,0.0,0.0,0.0,0.0
265498-0,test,non_relevant,0,10,1.2786163091659546,0.0,0.0,0.0,0.0
265911#0,test,relevant,1,10,6.180405616760254,0.6548086577531307,0.5296347172140421,0.6548086577531307,0.6164336326286644
2686958#0,test,relevant,1,10,2.963715076446533,0.2640681225725909,0.38685280723454163,0.6131471927654584,0.5012658353418871
2729521-0,dev,non_relevant,0,10,-1.5626552104949951,0.0,0.0,0.0,0.0
2729552#0,test,relevant,1,10,2.3145503997802734,0.7039180890341347,0.6713860725233041,0.7039180890341347,0.7653606369886217
2733676-0,test,non_relevant,0,10,3.631584644317627,0.0,0.0,0.0,0.0
2733849-0,dev,non_relevant,0,10,2.3417959213256836,0.0,0.0,0.0,0.0
2734256-0,test,non_relevant,0,10,0.0009234324097633362,0.0,0.0,0.0,0.0
2735025-0,test,non_relevant,0,10,3.9787819385528564,0.0,0.0,0.0,0.0
2735621-0,dev,non_relevant,0,10,3.093705415725708,0.0,0.0,0.0,0.0
2741498-0,test,non_relevant,0,10,5.686671257019043,0.0,0.0,0.0,0.0
2745310-0,dev,non_relevant,0,10,3.037571907043457,0.0,0.0,0.0,0.0
2746856-0,dev,non_relevant,0,10,4.590805530548096,0.0,0.0,0.0,0.0
2749092-0,dev,non_relevant,0,10,6.186136722564697,0.0,0.0,0.0,0.0
2749370-0,dev,non_relevant,0,10,1.5007431507110596,0.0,0.0,0.0,0.0
2751310-0,test,non_relevant,0,10,3.190739154815674,0.0,0.0,0.0,0.0
275784-0,dev,non_relevant,0,10,2.2402782440185547,0.0,0.0,0.0,0.0
2762392-0,test,non_relevant,0,10,1.9379292726516724,0.0,0.0,0.0,0.0
2764852#0,test,relevant,1,10,1.5776793956756592,0.6309297535714575,0.0,0.43067655807339306,0.6309297535714575
276681#0,dev,relevant,1,10,3.836751937866211,0.5307212739772434,0.18154179253735267,0.20210734650054757,0.6797310500037655
2767927-0,test,non_relevant,0,10,4.936660289764404,0.0,0.0,0.0,0.0
276852#0,dev,relevant,1,10,1.9157222509384155,1.0,0.5,0.6309297535714575,1.0
2770322#0,test,relevant,1,10,4.466132164001465,1.0,0.0,0.38685280723454163,1.0
2774190-0,dev,non_relevant,0,10,0.9042267203330994,0.0,0.0,0.0,0.0
2775131#0,test,relevant,1,10,4.6713056564331055,1.0,0.0,0.0,1.0
277844#0,test,relevant,1,10,6.338178634643555,0.8539316501572937,0.27727342735504823,0.6548086577531307,1.0
2785088-0,dev,non_relevant,0,10,2.590221881866455,0.0,0.0,0.0,0.0
278638-0,test,non_relevant,0,10,0.05707665905356407,0.0,0.0,0.0,0.0
2786722#0,test,relevant,1,10,7.371145725250244,1.0,0.43067655807339306,1.0,1.0
2787292-0,test,non_relevant,0,10,7.371145725250244,0.0,0.0,0.0,0.0
278776-0,test,non_relevant,0,10,1.7297297716140747,0.0,0.0,0.0,0.0
278820-0,test,non_relevant,0,10,5.468292236328125,0.0,0.0,0.0,0.0
278831#0,dev,relevant,1,10,4.500240325927734,0.7860137352654724,0.30078518014914984,0.5296347172140421,0.8687949224876582
2792411#0,test,relevant,1,10,3.4933671951293945,0.8772153153380493,0.6240505200038379,0.5706417189553201,0.8772153153380493
2792576#0,test,relevant,1,10,6.755265235900879,0.7227265726449519,0.5147714448836774,0.7227265726449519,0.6992148198508501
27939#0,dev,relevant,1,10,4.388877868652344,0.6131471927654584,0.0,0.38685280723454163,0.9197207891481876
2794016#0,dev,relevant,1,10,6.972123622894287,1.0,0.0,0.6309297535714575,1.0
2794802-0,test,non_relevant,0,10,6.2502641677856445,0.0,0.0,0.0,0.0
2796158-0,test,non_relevant,0,10,3.1785759925842285,0.0,0.0,0.0,0.0
279666#0,test,relevant,1,10,4.532337188720703,0.9558295932317544,0.5413996682199069,0.9558295932317544,0.8318724637288826
2798284-0,test,non_relevant,0,10,3.287980318069458,0.0,0.0,0.0,0.0
279973-0,dev,non_relevant,0,10,0.899479866027832,0.0,0.0,0.0,0.0
2801146-0,dev,non_relevant,0,10,2.721517562866211,0.0,0.0,0.0,0.0
2804297-0,dev,non_relevant,0,10,3.864899158477783,0.0,0.0,0.0,0.0
28051#0,test,relevant,1,10,4.3472113609313965,1.0,0.3065735963827292,0.6509209298071326,0.6131471927654584
280846-0,dev,non_relevant,0,10,3.368208408355713,0.0,0.0,0.0,0.0
2816674-0,test,non_relevant,0,10,2.6055221557617188,0.0,0.0,0.0,0.0
2820225#0,test,relevant,1,10,3.7714359760284424,0.3065735963827292,0.8772153153380493,0.6131471927654584,0.6934264036172708
2822016#0,test,relevant,1,10,7.681213855743408,1.0,0.6309297535714575,1.0,0.6309297535714575
2822371-0,test,non_relevant,0,10,4.210434436798096,0.0,0.0,0.0,0.0
2823019-0,test,non_relevant,0,10,4.190069198608398,0.0,0.0,0.0,0.0
2827483-0,dev,non_relevant,0,10,3.798081398010254,0.0,0.0,0.0,0.0
282799#0,dev,relevant,1,10,5.182345390319824,1.0,0.5,0.6309297535714575,1.0
2829631#0,dev,relevant,1,10,2.2686638832092285,1.0,1.0,1.0,1.0
2830529#0,test,relevant,1,10,6.205965042114258,0.7039180890341347,0.41618115554873086,0.46927872602275644,0.6713860725233041
2831324-0,test,non_relevant,0,10,1.5480164289474487,0.0,0.0,0.0,0.0
283204-0,dev,non_relevant,0,10,3.4250376224517822,0.0,0.0,0.0,0.0
2832582-0,test,non_relevant,0,10,5.219374179840088,0.0,0.0,0.0,0.0
283345-0,dev,non_relevant,0,10,0.5362608432769775,0.0,0.0,0.0,0.0
2834320-0,test,non_relevant,0,10,2.987665891647339,0.0,0.0,0.0,0.0
283502#0,test,relevant,1,10,3.2858381271362305,0.6131471927654584,0.5706417189553201,0.6131471927654584,0.6240505200038379
2835599-0,test,non_relevant,0,10,0.5129619836807251,0.0,0.0,0.0,0.0
283671-0,test,non_relevant,0,10,3.093705415725708,0.0,0.0,0.0,0.0
2836725-0,dev,non_relevant,0,10,4.519164085388184,0.0,0.0,0.0,0.0
2837797#0,test,relevant,1,9,3.118377208709717,1.0,0.9197207891481876,1.0,0.8772153153380493
2839582-0,test,non_relevant,0,10,2.814093828201294,0.0,0.0,0.0,0.0
2839975-0,dev,non_relevant,0,10,-1.3843823671340942,0.0,0.0,0.0,0.0
284267#0,dev,relevant,1,10,4.444197654724121,0.38685280723454163,0.0,0.2640681225725909,1.0
2843779-0,test,non_relevant,0,10,3.670161724090576,0.0,0.0,0.0,0.0
2848474#0,test,relevant,1,10,9.159795761108398,0.7653606369886217,0.5307212739772434,0.7653606369886217,0.7653606369886217
2850538#0,test,relevant,1,10,7.428441047668457,0.6713860725233041,0.23463936301137822,0.46927872602275644,1.0
2851702#0,dev,relevant,1,10,3.6212158203125,1.0,0.6309297535714575,1.0,1.0
2852621-0,test,non_relevant,0,10,2.9419994354248047,0.0,0.0,0.0,0.0
2855582#0,test,relevant,1,10,7.118384838104248,1.0,0.23719771276929622,0.6934264036172708,0.9197207891481876
2856916-0,test,non_relevant,0,10,4.4821062088012695,0.0,0.0,0.0,0.0
2856920-0,test,non_relevant,0,10,3.329702138900757,0.0,0.0,0.0,0.0
2857007-0,dev,non_relevant,0,10,2.423470973968506,0.0,0.0,0.0,0.0
2857425-0,test,non_relevant,0,10,5.834408760070801,0.0,0.0,0.0,0.0
2858115-0,test,non_relevant,0,10,0.7494831085205078,0.0,0.0,0.0,0.0
2858116-0,test,non_relevant,0,10,-1.6954857110977173,0.0,0.0,0.0,0.0
286041-0,test,non_relevant,0,10,0.3200749456882477,0.0,0.0,0.0,0.0
2861001-0,test,non_relevant,0,10,5.99393367767334,0.0,0.0,0.0,0.0
2861002#0,dev,relevant,1,10,2.9711122512817383,0.6309297535714575,0.5,1.0,0.43067655807339306
2864566-0,dev,non_relevant,0,10,4.103436470031738,0.0,0.0,0.0,0.0
2864873#0,test,relevant,1,10,2.062318801879883,1.0,0.0,0.6240505200038379,1.0
2866753-0,dev,non_relevant,0,10,2.4728169441223145,0.0,0.0,0.0,0.0
2870805#0,test,relevant,1,10,2.655128240585327,0.43067655807339306,0.43067655807339306,0.5,0.0
2871194-0,test,non_relevant,0,10,1.3094112873077393,0.0,0.0,0.0,0.0
2872#0,test,relevant,1,10,8.001588821411133,1.0,0.0,0.38685280723454163,1.0
2873088-0,test,non_relevant,0,10,4.265659332275391,0.0,0.0,0.0,0.0
2873279-0,dev,non_relevant,0,10,0.30066436529159546,0.0,0.0,0.0,0.0
287627#0,test,relevant,1,10,3.8312058448791504,0.6309297535714575,0.0,0.43067655807339306,0.6309297535714575
2876856#0,dev,relevant,1,10,0.06225426495075226,0.5147714448836774,0.4468535299918563,0.38356636737133565,0.5147714448836774
2879905-0,test,non_relevant,0,10,0.8699759840965271,0.0,0.0,0.0,0.0
2880010-0,test,non_relevant,0,10,-2.1947507858276367,0.0,0.0,0.0,0.0
2880205-0,test,non_relevant,0,10,6.277355670928955,0.0,0.0,0.0,0.0
2882599#0,test,relevant,1,10,1.0237159729003906,0.0,0.0,0.0,0.0
2883325#0,test,relevant,1,10,6.4011077880859375,1.0,0.0,0.0,1.0
2883963-0,dev,non_relevant,0,10,-6.464310646057129,0.0,0.0,0.0,0.0
2885071-0,test,non_relevant,0,10,1.767792820930481,0.0,0.0,0.0,0.0
288698#0,dev,relevant,1,10,3.8215086460113525,0.830419897363192,0.4703652827859579,0.7227265726449519,0.8539316501572937
2888193-0,dev,non_relevant,0,10,4.166178226470947,0.0,0.0,0.0,0.0
289097-0,dev,non_relevant,0,10,4.473557472229004,0.0,0.0,0.0,0.0
2894476-0,test,non_relevant,0,10,3.6108036041259766,0.0,0.0,0.0,0.0
2896592-0,test,non_relevant,0,10,1.1526470184326172,0.0,0.0,0.0,0.0
2897294-0,test,non_relevant,0,10,0.003404710441827774,0.0,0.0,0.0,0.0
2897330#0,test,relevant,1,10,5.86347770690918,1.0,1.0,1.0,1.0
2897814-0,test,non_relevant,0,10,-4.058114051818848,0.0,0.0,0.0,0.0
2898990#0,test,relevant,1,9,0.7130110859870911,0.9060254355346823,0.23463936301137822,0.7039180890341347,0.4776237035032179
2899050#0,test,relevant,1,10,2.214935541152954,1.0,0.6309297535714575,1.0,1.0
2899327-0,test,non_relevant,0,10,-1.054626226425171,0.0,0.0,0.0,0.0
2899790-0,test,non_relevant,0,10,0.2644255757331848,0.0,0.0,0.0,0.0
2899798-0,test,non_relevant,0,10,-1.7165873050689697,0.0,0.0,0.0,0.0
290282#0,test,relevant,1,10,6.442684650421143,0.6131471927654584,0.6240505200038379,1.0,0.8772153153380493
2903070-0,dev,non_relevant,0,10,1.0648521184921265,0.0,0.0,0.0,0.0
2903864-0,dev,non_relevant,0,10,-1.648453950881958,0.0,0.0,0.0,0.0
2903976-0,dev,non_relevant,0,10,0.6160542964935303,0.0,0.0,0.0,0.0
2904115-0,test,non_relevant,0,10,7.90472412109375,0.0,0.0,0.0,0.0
2904123-0,dev,non_relevant,0,10,0.9554316401481628,0.0,0.0,0.0,0.0
2904168-0,test,non_relevant,0,10,6.7097673416137695,0.0,0.0,0.0,0.0
2904183-0,dev,non_relevant,0,10,2.8693809509277344,0.0,0.0,0.0,0.0
2904228-0,test,non_relevant,0,10,0.38044601678848267,0.0,0.0,0.0,0.0
2904333-0,test,non_relevant,0,10,3.007699966430664,0.0,0.0,0.0,0.0
2904335-0,test,non_relevant,0,10,6.895196914672852,0.0,0.0,0.0,0.0
2904340#0,dev,relevant,1,10,4.482958793640137,0.6309297535714575,0.6309297535714575,1.0,1.0
2904641-0,test,non_relevant,0,10,-0.056703947484493256,0.0,0.0,0.0,0.0
2904703-0,dev,non_relevant,0,10,3.791930675506592,0.0,0.0,0.0,0.0
2904755#0,test,relevant,1,10,7.5250444412231445,1.0,1.0,1.0,1.0
2904762-0,test,non_relevant,0,10,5.659908294677734,0.0,0.0,0.0,0.0
2904767-0,test,non_relevant,0,10,5.015743255615234,0.0,0.0,0.0,0.0
2904984-0,test,non_relevant,0,10,4.340699195861816,0.0,0.0,0.0,0.0
2905248#0,test,relevant,1,9,0.7166622281074524,1.0,0.0,0.5706417189553201,0.5012658353418871
2905260-0,test,non_relevant,0,10,3.7425029277801514,0.0,0.0,0.0,0.0
2905433#0,test,relevant,1,10,3.8024322986602783,1.0,0.5,1.0,0.38685280723454163
2905831#0,dev,relevant,1,10,1.0103152990341187,0.5,1.0,1.0,0.5
2906-0,test,non_relevant,0,10,1.105070948600769,0.0,0.0,0.0,0.0
290639-0,dev,non_relevant,0,10,-0.8711711764335632,0.0,0.0,0.0,0.0
2906995#0,dev,relevant,1,10,8.184001922607422,0.8772153153380493,0.23719771276929622,0.6131471927654584,0.9197207891481876
2908003-0,test,non_relevant,0,10,1.0634735822677612,0.0,0.0,0.0,0.0
2908292#0,test,relevant,1,10,3.1327474117279053,1.0,1.0,1.0,1.0
2908351-0,dev,non_relevant,0,10,2.2264585494995117,0.0,0.0,0.0,0.0
291579#0,test,relevant,1,10,7.020017623901367,1.0,0.0,0.6309297535714575,1.0
291653-0,test,non_relevant,0,10,2.580948829650879,0.0,0.0,0.0,0.0
291771#0,dev,relevant,1,10,1.6113721132278442,0.6309297535714575,0.5,0.5,1.0
2920527-0,test,non_relevant,0,10,1.9047335386276245,0.0,0.0,0.0,0.0
292318-0,test,non_relevant,0,10,3.581878662109375,0.0,0.0,0.0,0.0
292594-0,test,non_relevant,0,10,4.239171981811523,0.0,0.0,0.0,0.0
292628-0,dev,non_relevant,0,10,3.3533082008361816,0.0,0.0,0.0,0.0
292780#0,test,relevant,1,10,2.6638143062591553,1.0,0.23719771276929622,0.9197207891481876,1.0
2928004-0,test,non_relevant,0,10,-0.751108705997467,0.0,0.0,0.0,0.0
2928585-0,test,non_relevant,0,10,0.3428505063056946,0.0,0.0,0.0,0.0
2928952-0,test,non_relevant,0,10,3.4058620929718018,0.0,0.0,0.0,0.0
2929703#0,dev,relevant,1,10,3.876723289489746,0.9469024295259745,0.7653606369886217,0.9674679834891693,0.9674679834891693
293139#0,test,relevant,1,10,4.935123443603516,0.9558295932317544,0.3191471544989227,0.9047172294870751,0.75369761125927
2932892-0,dev,non_relevant,0,10,1.0795960426330566,0.0,0.0,0.0,0.0
2934481#0,test,relevant,1,10,4.5358662605285645,1.0,0.6713860725233041,1.0,1.0
2936803-0,test,non_relevant,0,10,2.0009613037109375,0.0,0.0,0.0,0.0
2937333#0,test,relevant,1,10,5.6616716384887695,0.8772153153380493,0.0,0.5437713091520254,1.0
293739-0,test,non_relevant,0,10,4.455071926116943,0.0,0.0,0.0,0.0
2937894-0,test,non_relevant,0,10,1.5975310802459717,0.0,0.0,0.0,0.0
2941837#0,test,relevant,1,10,3.002748966217041,0.5,0.0,0.5,0.6309297535714575
2942377#0,dev,relevant,1,10,9.023417472839355,1.0,0.20210734650054757,0.7039180890341347,1.0
2943405-0,test,non_relevant,0,10,4.87027645111084,0.0,0.0,0.0,0.0
2945997#0,test,relevant,1,10,4.3953046798706055,1.0,0.0,0.38685280723454163,1.0
2946218-0,test,non_relevant,0,10,2.915794849395752,0.0,0.0,0.0,0.0
2946265-0,dev,non_relevant,0,10,4.731138229370117,0.0,0.0,0.0,0.0
2947731-0,test,non_relevant,0,10,5.15625524520874,0.0,0.0,0.0,0.0
2947997-0,test,non_relevant,0,10,1.3898215293884277,0.0,0.0,0.0,0.0
2948684-0,test,non_relevant,0,10,1.6116867065429688,0.0,0.0,0.0,0.0
2949601-0,test,non_relevant,0,10,3.345233678817749,0.0,0.0,0.0,0.0
2952512#0,test,relevant,1,10,6.737908363342285,1.0,0.5855700749881525,0.8048099750039491,0.787702056960637
2956580-0,dev,non_relevant,0,10,4.422927379608154,0.0,0.0,0.0,0.0
2959739#0,test,relevant,1,10,7.363288879394531,1.0,1.0,1.0,1.0
2959823#0,dev,relevant,1,10,3.6107521057128906,0.5307212739772434,0.18154179253735267,0.41618115554873086,0.9469024295259745
2960660-0,test,non_relevant,0,10,3.684255838394165,0.0,0.0,0.0,0.0
2961291-0,test,non_relevant,0,10,0.9812508821487427,0.0,0.0,0.0,0.0
2961523-0,test,non_relevant,0,10,0.5244128108024597,0.0,0.0,0.0,0.0
2962467-0,test,non_relevant,0,10,3.419921398162842,0.0,0.0,0.0,0.0
2963184-0,test,non_relevant,0,10,2.8885717391967773,0.0,0.0,0.0,0.0
2963705#0,test,relevant,1,10,6.35921049118042,0.8854598815714874,0.7653606369886217,0.9060254355346823,1.0
2963736#0,dev,relevant,1,10,4.661164283752441,0.43067655807339306,0.6309297535714575,0.6309297535714575,0.38685280723454163
2963786-0,dev,non_relevant,0,10,5.802634239196777,0.0,0.0,0.0,0.0
2964654-0,dev,non_relevant,0,10,7.31951904296875,0.0,0.0,0.0,0.0
2966754-0,test,non_relevant,0,10,1.8040693998336792,0.0,0.0,0.0,0.0
2968997-0,test,non_relevant,0,10,2.6238460540771484,0.0,0.0,0.0,0.0
2969535-0,test,non_relevant,0,10,6.631933212280273,0.0,0.0,0.0,0.0
2969691-0,dev,non_relevant,0,10,-0.26327893137931824,0.0,0.0,0.0,0.0
2970406-0,dev,non_relevant,0,10,1.704665184020996,0.0,0.0,0.0,0.0
2971259-0,test,non_relevant,0,10,2.1457035541534424,0.0,0.0,0.0,0.0
2975694#0,test,relevant,1,10,6.9933857917785645,1.0,0.0,0.43067655807339306,1.0
2978871-0,dev,non_relevant,0,10,5.425747394561768,0.0,0.0,0.0,0.0
2979413-0,test,non_relevant,0,10,-0.6332685351371765,0.0,0.0,0.0,0.0
2980977#0,dev,relevant,1,10,5.090865612030029,1.0,0.6309297535714575,1.0,1.0
2983717-0,dev,non_relevant,0,10,3.6605958938598633,0.0,0.0,0.0,0.0
2990362-0,dev,non_relevant,0,10,3.994926691055298,0.0,0.0,0.0,0.0
2993422#0,dev,relevant,1,10,7.541108131408691,0.6309297535714575,0.0,0.6309297535714575,0.6309297535714575
2993682#0,test,relevant,1,10,9.251985549926758,1.0,1.0,1.0,0.8772153153380493
2996520-0,test,non_relevant,0,10,8.091137886047363,0.0,0.0,0.0,0.0
2996930-0,test,non_relevant,0,10,-1.2996116876602173,0.0,0.0,0.0,0.0
2998829-0,test,non_relevant,0,10,-0.6440904140472412,0.0,0.0,0.0,0.0
2999410-0,dev,non_relevant,0,10,0.47610414028167725,0.0,0.0,0.0,0.0
3008471#0,test,relevant,1,10,5.98743200302124,0.9060254355346823,0.6508205185601091,0.9060254355346823,0.7653606369886217
3008582#0,test,relevant,1,10,6.406583786010742,0.6934264036172708,0.5706417189553201,1.0,0.6934264036172708
3011523#0,test,relevant,1,10,6.508166313171387,1.0,0.7653606369886217,0.9674679834891693,1.0
301560-0,test,non_relevant,0,10,-0.8478969931602478,0.0,0.0,0.0,0.0
3016768-0,dev,non_relevant,0,10,2.5536036491394043,0.0,0.0,0.0,0.0
3016964#0,test,relevant,1,10,5.965691089630127,0.9197207891481876,0.3065735963827292,0.6131471927654584,0.8772153153380493
3017171#0,test,relevant,1,10,3.2961809635162354,1.0,0.0,0.0,1.0
302015#0,test,relevant,1,10,6.275610446929932,0.6366824387328317,0.19519002499605084,0.4144299250118475,0.75369761125927
3025024-0,dev,non_relevant,0,10,0.9809058308601379,0.0,0.0,0.0,0.0
3026171#0,dev,relevant,1,10,1.8835545778274536,0.7653606369886217,0.9674679834891693,1.0,0.7653606369886217
302877-0,dev,non_relevant,0,10,1.8690310716629028,0.0,0.0,0.0,0.0
3037281-0,test,non_relevant,0,10,4.424236297607422,0.0,0.0,0.0,0.0
3038409#0,dev,relevant,1,10,6.3381757736206055,0.8539316501572937,0.27727342735504823,0.6548086577531307,1.0
3039244-0,dev,non_relevant,0,10,-4.977011680603027,0.0,0.0,0.0,0.0
3042346-0,test,non_relevant,0,10,-2.1401705741882324,0.0,0.0,0.0,0.0
3042712#0,test,relevant,1,10,7.281099796295166,0.8687949224876582,0.8687949224876582,1.0,1.0
3044500-0,test,non_relevant,0,10,4.262097358703613,0.0,0.0,0.0,0.0
3044593-0,dev,non_relevant,0,10,3.141202688217163,0.0,0.0,0.0,0.0
3044990#0,dev,relevant,1,10,4.654950141906738,1.0,0.6131471927654584,0.9197207891481876,1.0
3046749-0,dev,non_relevant,0,10,-0.2915456295013428,0.0,0.0,0.0,0.0
3048426-0,dev,non_relevant,0,10,3.527510404586792,0.0,0.0,0.0,0.0
3053251#0,test,relevant,1,10,6.686683177947998,0.6131471927654584,0.23719771276929622,0.6131471927654584,0.9197207891481876
305607-0,test,non_relevant,0,10,0.23141434788703918,0.0,0.0,0.0,0.0
3057979-0,test,non_relevant,0,10,2.679873466491699,0.0,0.0,0.0,0.0
306016-0,dev,non_relevant,0,10,2.0656239986419678,0.0,0.0,0.0,0.0
3060941#0,test,relevant,1,10,5.920726299285889,1.0,1.0,1.0,1.0
3063838-0,dev,non_relevant,0,10,2.525651454925537,0.0,0.0,0.0,0.0
3064738#0,test,relevant,1,10,6.320650100708008,1.0,0.5706417189553201,1.0,1.0
306627#0,test,relevant,1,10,5.0125956535339355,0.5,0.0,0.0,0.5
3066423#0,test,relevant,1,10,3.536902904510498,0.23719771276929622,0.23719771276929622,0.23719771276929622,0.3065735963827292
306648-0,dev,non_relevant,0,10,1.0014221668243408,0.0,0.0,0.0,0.0
3066678-0,test,non_relevant,0,10,7.802514553070068,0.0,0.0,0.0,0.0
3067027-0,dev,non_relevant,0,10,-2.4964730739593506,0.0,0.0,0.0,0.0
3067063-0,dev,non_relevant,0,10,3.4156808853149414,0.0,0.0,0.0,0.0
306789-0,dev,non_relevant,0,10,-1.1412158012390137,0.0,0.0,0.0,0.0
306792-0,test,non_relevant,0,10,3.442506790161133,0.0,0.0,0.0,0.0
3068772#0,dev,relevant,1,10,2.7402641773223877,0.3065735963827292,0.23719771276929622,0.38685280723454163,0.8772153153380493
3069539#0,test,relevant,1,10,4.605027675628662,0.6164336326286644,0.639945385422766,0.6164336326286644,0.8687949224876582
3071667-0,test,non_relevant,0,10,0.4151424765586853,0.0,0.0,0.0,0.0
3071733#0,dev,relevant,1,10,7.344242095947266,0.8687949224876582,0.7227265726449519,0.8539316501572937,1.0
3071848-0,dev,non_relevant,0,10,4.651017189025879,0.0,0.0,0.0,0.0
3075906-0,dev,non_relevant,0,10,4.801563262939453,0.0,0.0,0.0,0.0
3076794-0,dev,non_relevant,0,10,1.5161851644515991,0.0,0.0,0.0,0.0
3076803#0,dev,relevant,1,10,2.7434234619140625,1.0,1.0,1.0,0.43067655807339306
3076856-0,test,non_relevant,0,10,3.942223072052002,0.0,0.0,0.0,0.0
3077023#0,test,relevant,1,10,7.121930122375488,0.639945385422766,0.8687949224876582,0.7227265726449519,0.8539316501572937
3077055-0,test,non_relevant,0,10,-1.1454976797103882,0.0,0.0,0.0,0.0
3078603-0,dev,non_relevant,0,10,2.4937896728515625,0.0,0.0,0.0,0.0
3078640-0,dev,non_relevant,0,10,3.764965295791626,0.0,0.0,0.0,0.0
3079370-0,dev,non_relevant,0,10,3.241696357727051,0.0,0.0,0.0,0.0
3080121-0,dev,non_relevant,0,10,3.6088342666625977,0.0,0.0,0.0,0.0
3083003-0,test,non_relevant,0,10,8.666605949401855,0.0,0.0,0.0,0.0
3083071-0,dev,non_relevant,0,10,-1.6313496828079224,0.0,0.0,0.0,0.0
3084026-0,dev,non_relevant,0,10,3.3320326805114746,0.0,0.0,0.0,0.0
3084192-0,test,non_relevant,0,10,3.3320326805114746,0.0,0.0,0.0,0.0
3084218-0,test,non_relevant,0,10,1.3361282348632812,0.0,0.0,0.0,0.0
3084260-0,dev,non_relevant,0,10,3.1405699253082275,0.0,0.0,0.0,0.0
3084265-0,dev,non_relevant,0,10,-0.10572182387113571,0.0,0.0,0.0,0.0
3084310-0,dev,non_relevant,0,10,1.2589757442474365,0.0,0.0,0.0,0.0
3084373#0,test,relevant,1,10,5.016068458557129,0.8687949224876582,0.30078518014914984,0.6992148198508501,0.8687949224876582
3084413-0,test,non_relevant,0,10,4.776763916015625,0.0,0.0,0.0,0.0
3084547-0,test,non_relevant,0,10,-2.0206103324890137,0.0,0.0,0.0,0.0
3084594-0,test,non_relevant,0,10,3.0773985385894775,0.0,0.0,0.0,0.0
30891-0,test,non_relevant,0,10,3.4472947120666504,0.0,0.0,0.0,0.0
3098408-0,dev,non_relevant,0,10,1.6676641702651978,0.0,0.0,0.0,0.0
3098709-0,dev,non_relevant,0,10,4.466194152832031,0.0,0.0,0.0,0.0
3100738-0,dev,non_relevant,0,10,2.2490015029907227,0.0,0.0,0.0,0.0
310127-0,dev,non_relevant,0,10,0.20900042355060577,0.0,0.0,0.0,0.0
3102525-0,test,non_relevant,0,10,5.8003644943237305,0.0,0.0,0.0,0.0
3103189-0,dev,non_relevant,0,10,-1.182079553604126,0.0,0.0,0.0,0.0
3103951-0,test,non_relevant,0,10,1.426837682723999,0.0,0.0,0.0,0.0
3104421#0,test,relevant,1,10,3.400114059448242,0.43067655807339306,0.0,0.0,0.5
310523-0,dev,non_relevant,0,10,3.4290084838867188,0.0,0.0,0.0,0.0
3106611#0,dev,relevant,1,10,7.3950066566467285,0.7860137352654724,0.38356636737133565,0.6843515475204855,0.8687949224876582
310879-0,test,non_relevant,0,10,0.28653961420059204,0.0,0.0,0.0,0.0
311003-0,test,non_relevant,0,10,2.046886444091797,0.0,0.0,0.0,0.0
3112480#0,test,relevant,1,10,4.764025688171387,1.0,0.6608397947263839,0.830419897363192,1.0
3115631-0,dev,non_relevant,0,10,-1.9719867706298828,0.0,0.0,0.0,0.0
3116058#0,test,relevant,1,10,8.114437103271484,1.0,0.4776237035032179,1.0,1.0
3117617#0,test,relevant,1,10,9.694604873657227,0.7653606369886217,0.6797310500037655,0.7039180890341347,0.8854598815714874
3118129-0,test,non_relevant,0,10,-1.3213372230529785,0.0,0.0,0.0,0.0
311816-0,test,non_relevant,0,10,4.128898620605469,0.0,0.0,0.0,0.0
3118236-0,dev,non_relevant,0,10,-0.30304431915283203,0.0,0.0,0.0,0.0
3118260-0,dev,non_relevant,0,10,1.9504207372665405,0.0,0.0,0.0,0.0
3118265#0,test,relevant,1,10,4.656661033630371,0.8048099750039491,0.6096199500078984,0.8318724637288826,0.9558295932317544
3118436#0,dev,relevant,1,10,6.423789024353027,1.0,0.43067655807339306,1.0,0.6309297535714575
3118447-0,test,non_relevant,0,10,3.582869052886963,0.0,0.0,0.0,0.0
3118545#0,dev,relevant,1,10,8.08121109008789,1.0,0.38364913903790027,0.9060254355346823,1.0
3118751#0,test,relevant,1,10,7.2655720710754395,1.0,0.38685280723454163,0.8772153153380493,1.0
3118851-0,test,non_relevant,0,10,0.3711870312690735,0.0,0.0,0.0,0.0
312016-0,test,non_relevant,0,10,6.139138221740723,0.0,0.0,0.0,0.0
3120276-0,test,non_relevant,0,10,3.9526710510253906,0.0,0.0,0.0,0.0
31257#0,test,relevant,1,10,2.418571949005127,0.5,0.5,0.5,0.43067655807339306
3126593-0,dev,non_relevant,0,10,3.4738669395446777,0.0,0.0,0.0,0.0
3126909#0,test,relevant,1,10,4.84056282043457,1.0,1.0,1.0,0.6309297535714575
3127147-0,dev,non_relevant,0,10,-0.4607500433921814,0.0,0.0,0.0,0.0
312812-0,dev,non_relevant,0,10,3.123964786529541,0.0,0.0,0.0,0.0
3128789#0,test,relevant,1,10,4.360511779785156,0.49818925746641285,0.20210734650054757,0.41618115554873086,0.2960819109658652
3129005-0,dev,non_relevant,0,10,-0.13262763619422913,0.0,0.0,0.0,0.0
3130066-0,dev,non_relevant,0,10,6.030592441558838,0.0,0.0,0.0,0.0
3131031-0,test,non_relevant,0,10,1.5555567741394043,0.0,0.0,0.0,0.0
3133867-0,test,non_relevant,0,10,-0.9093236327171326,0.0,0.0,0.0,0.0
3138164#0,test,relevant,1,10,7.180250644683838,0.8772153153380493,0.3065735963827292,0.6934264036172708,1.0
3139972#0,test,relevant,1,10,6.2956695556640625,1.0,0.30078518014914984,0.8687949224876582,1.0
3141141-0,dev,non_relevant,0,10,2.1579859256744385,0.0,0.0,0.0,0.0
3144503-0,dev,non_relevant,0,10,2.571465253829956,0.0,0.0,0.0,0.0
3144908-0,dev,non_relevant,0,10,0.6968530416488647,0.0,0.0,0.0,0.0
314506#0,test,relevant,1,10,4.826938152313232,0.3065735963827292,0.5012658353418871,0.38685280723454163,0.2640681225725909
3148949-0,test,non_relevant,0,10,4.3155927658081055,0.0,0.0,0.0,0.0
314925#0,test,relevant,1,10,6.878795146942139,0.9197207891481876,0.2640681225725909,1.0,0.6934264036172708
3149343-0,dev,non_relevant,0,10,6.615483283996582,0.0,0.0,0.0,0.0
3150409-0,dev,non_relevant,0,10,5.25728702545166,0.0,0.0,0.0,0.0
3151317-0,dev,non_relevant,0,10,0.8409751057624817,0.0,0.0,0.0,0.0
3153502-0,test,non_relevant,0,10,3.0438294410705566,0.0,0.0,0.0,0.0
3153725#0,test,relevant,1,10,4.41231107711792,1.0,0.5012658353418871,0.6934264036172708,1.0
3153951-0,test,non_relevant,0,10,2.756673812866211,0.0,0.0,0.0,0.0
3157295-0,test,non_relevant,0,10,6.593111991882324,0.0,0.0,0.0,0.0
3158025#0,test,relevant,1,10,8.091903686523438,0.9674679834891693,0.4776237035032179,0.9469024295259745,0.6713860725233041
3160455-0,test,non_relevant,0,10,-1.6639978885650635,0.0,0.0,0.0,0.0
316047#0,dev,relevant,1,10,4.777118682861328,1.0,0.0,0.38685280723454163,1.0
3160617#0,test,relevant,1,10,6.9523444175720215,0.6548086577531307,0.830419897363192,0.830419897363192,1.0
3163372#0,test,relevant,1,10,4.119795322418213,0.0,0.0,0.0,0.0
3164247-0,test,non_relevant,0,10,1.3525254726409912,0.0,0.0,0.0,0.0
3168483#0,dev,relevant,1,10,6.921875476837158,0.6713860725233041,0.20210734650054757,0.4367467095119258,0.9469024295259745
3169557-0,test,non_relevant,0,10,3.037853240966797,0.0,0.0,0.0,0.0
317105#0,dev,relevant,1,10,3.937185764312744,0.8687949224876582,0.3391602052736161,0.6843515475204855,0.8539316501572937
3172370-0,dev,non_relevant,0,10,2.500898838043213,0.0,0.0,0.0,0.0
3173084-0,test,non_relevant,0,10,1.2689567804336548,0.0,0.0,0.0,0.0
3173151#0,test,relevant,1,10,4.033265590667725,0.6309297535714575,0.0,0.6309297535714575,0.6309297535714575
3174203-0,test,non_relevant,0,10,6.079557418823242,0.0,0.0,0.0,0.0
3179132-0,test,non_relevant,0,10,1.8601069450378418,0.0,0.0,0.0,0.0
317963#0,test,relevant,1,9,6.170594215393066,0.43067655807339306,0.6309297535714575,0.5,0.0
3179665-0,test,non_relevant,0,10,3.6974027156829834,0.0,0.0,0.0,0.0
3180150-0,test,non_relevant,0,10,5.356313228607178,0.0,0.0,0.0,0.0
3180551-0,dev,non_relevant,0,10,1.125142216682434,0.0,0.0,0.0,0.0
3183818#0,dev,relevant,1,10,3.3795104026794434,1.0,0.0,0.5012658353418871,0.9197207891481876
3184904#0,test,relevant,1,10,6.663899898529053,0.8772153153380493,0.8503449055347546,0.9197207891481876,0.9197207891481876
3185262#0,dev,relevant,1,10,3.880134105682373,0.6509209298071326,0.0,0.3065735963827292,0.38685280723454163
319599-0,dev,non_relevant,0,10,6.543609619140625,0.0,0.0,0.0,0.0
3197918#0,test,relevant,1,9,7.667677402496338,1.0,0.6843515475204855,0.8539316501572937,1.0
319918-0,test,non_relevant,0,10,3.9798531532287598,0.0,0.0,0.0,0.0
3201163-0,test,non_relevant,0,10,5.344630241394043,0.0,0.0,0.0,0.0
3201307#0,test,relevant,1,10,7.79366397857666,1.0,0.5,1.0,1.0
3203450-0,dev,non_relevant,0,10,0.6531551480293274,0.0,0.0,0.0,0.0
3205336-0,dev,non_relevant,0,10,-2.195749521255493,0.0,0.0,0.0,0.0
320715#0,test,relevant,1,10,6.530994415283203,1.0,1.0,1.0,1.0
3207292-0,dev,non_relevant,0,10,-0.1298796832561493,0.0,0.0,0.0,0.0
3211267-0,test,non_relevant,0,10,2.4227471351623535,0.0,0.0,0.0,0.0
3214399-0,test,non_relevant,0,10,3.18770170211792,0.0,0.0,0.0,0.0
3216269-0,test,non_relevant,0,10,1.2711392641067505,0.0,0.0,0.0,0.0
321743-0,test,non_relevant,0,10,3.091085195541382,0.0,0.0,0.0,0.0
321886-0,dev,non_relevant,0,10,1.1548120975494385,0.0,0.0,0.0,0.0
322567-0,dev,non_relevant,0,10,6.80928897857666,0.0,0.0,0.0,0.0
3227351#0,dev,relevant,1,10,6.121641159057617,0.0,1.0,0.5,0.0
3227781#0,test,relevant,1,10,4.476215839385986,0.4468535299918563,0.4468535299918563,0.4468535299918563,1.0
3228518-0,dev,non_relevant,0,10,-1.213521957397461,0.0,0.0,0.0,0.0
3229122#0,test,relevant,1,10,6.762939929962158,1.0,0.0,0.43067655807339306,1.0
3229665-0,dev,non_relevant,0,10,3.569803237915039,0.0,0.0,0.0,0.0
3230910-0,dev,non_relevant,0,10,1.805621862411499,0.0,0.0,0.0,0.0
3232059-0,dev,non_relevant,0,10,4.664425849914551,0.0,0.0,0.0,0.0
3233151#0,test,relevant,1,10,2.9671993255615234,1.0,0.38685280723454163,1.0,1.0
3233485#0,test,relevant,1,10,5.03231954574585,0.8772153153380493,0.3065735963827292,0.6240505200038379,0.8503449055347546
3234127-0,dev,non_relevant,0,10,6.730472087860107,0.0,0.0,0.0,0.0
3234234#0,test,relevant,1,10,6.175917625427246,0.787702056960637,0.44149241373678083,0.7606395682357036,1.0
323473#0,dev,relevant,1,10,4.904469013214111,1.0,0.0,0.5,1.0
323617-0,test,non_relevant,0,10,-1.209268569946289,0.0,0.0,0.0,0.0
3239418-0,test,non_relevant,0,10,3.755812644958496,0.0,0.0,0.0,0.0
3243376#0,test,relevant,1,10,9.286277770996094,0.787702056960637,0.4144299250118475,0.8048099750039491,0.9047172294870751
324511#0,test,relevant,1,10,6.3546295166015625,0.8687949224876582,0.4912596920895758,0.7860137352654724,0.8539316501572937
3256369-0,test,non_relevant,0,10,3.907325267791748,0.0,0.0,0.0,0.0
3257134-0,dev,non_relevant,0,10,-1.2440593242645264,0.0,0.0,0.0,0.0
325761-0,test,non_relevant,0,10,5.11873197555542,0.0,0.0,0.0,0.0
3258356-0,dev,non_relevant,0,10,5.274158477783203,0.0,0.0,0.0,0.0
325920#0,test,relevant,1,10,6.3691086769104,0.75369761125927,0.5585075862632192,0.5413996682199069,0.7365896932159578
3259704#0,test,relevant,1,9,5.451714515686035,0.8687949224876582,0.8687949224876582,0.8687949224876582,0.8539316501572937
3263821#0,test,relevant,1,10,8.129985809326172,1.0,0.0,0.2640681225725909,1.0
3268745-0,test,non_relevant,0,10,1.64303457736969,0.0,0.0,0.0,0.0
327176-0,test,non_relevant,0,10,-1.412872076034546,0.0,0.0,0.0,0.0
3272154-0,test,non_relevant,0,10,3.484591245651245,0.0,0.0,0.0,0.0
327848#0,dev,relevant,1,10,6.247814178466797,0.9197207891481876,0.38685280723454163,0.8503449055347546,0.9197207891481876
327905-0,test,non_relevant,0,10,3.0284547805786133,0.0,0.0,0.0,0.0
328136-0,dev,non_relevant,0,10,4.477797031402588,0.0,0.0,0.0,0.0
328733-0,test,non_relevant,0,10,4.391316890716553,0.0,0.0,0.0,0.0
3291078#0,test,relevant,1,10,4.101988792419434,0.830419897363192,1.0,0.8687949224876582,0.8539316501572937
329114#0,test,relevant,1,10,3.3721680641174316,0.43067655807339306,0.5,0.6309297535714575,0.6309297535714575
3291910#0,dev,relevant,1,10,10.25724983215332,0.6309297535714575,0.0,0.5,1.0
3294985-0,test,non_relevant,0,10,-1.1287384033203125,0.0,0.0,0.0,0.0
3295605-0,dev,non_relevant,0,10,2.712411403656006,0.0,0.0,0.0,0.0
329651-0,test,non_relevant,0,10,3.839355945587158,0.0,0.0,0.0,0.0
329807#0,test,relevant,1,10,3.580287218093872,0.6508205185601091,0.0,0.23463936301137822,0.2960819109658652
3298087#0,dev,relevant,1,10,6.635875701904297,0.5,0.0,0.0,1.0
3299242-0,dev,non_relevant,0,10,5.94072961807251,0.0,0.0,0.0,0.0
3299396-0,dev,non_relevant,0,10,0.028752272948622704,0.0,0.0,0.0,0.0
330403-0,test,non_relevant,0,10,0.6124361157417297,0.0,0.0,0.0,0.0
3306242-0,test,non_relevant,0,10,1.405431866645813,0.0,0.0,0.0,0.0
331351-0,dev,non_relevant,0,10,2.100759506225586,0.0,0.0,0.0,0.0
331615-0,dev,non_relevant,0,10,3.524118661880493,0.0,0.0,0.0,0.0
3319360-0,test,non_relevant,0,10,3.7570574283599854,0.0,0.0,0.0,0.0
3320910-0,test,non_relevant,0,10,3.4173359870910645,0.0,0.0,0.0,0.0
3322153-0,dev,non_relevant,0,10,4.945500373840332,0.0,0.0,0.0,0.0
3324496-0,dev,non_relevant,0,10,-1.1147968769073486,0.0,0.0,0.0,0.0
332470-0,test,non_relevant,0,10,-2.57839298248291,0.0,0.0,0.0,0.0
3328030-0,test,non_relevant,0,10,2.6549224853515625,0.0,0.0,0.0,0.0
3329896-0,test,non_relevant,0,10,3.902609348297119,0.0,0.0,0.0,0.0
3333208-0,test,non_relevant,0,10,3.106217861175537,0.0,0.0,0.0,0.0
3334120#0,test,relevant,1,10,5.406469821929932,0.46927872602275644,0.6797310500037655,0.6508205185601091,0.46927872602275644
3336726-0,test,non_relevant,0,10,-3.1817197799682617,0.0,0.0,0.0,0.0
3338920-0,test,non_relevant,0,10,-2.6120986938476562,0.0,0.0,0.0,0.0
3340762-0,dev,non_relevant,0,10,-1.0434775352478027,0.0,0.0,0.0,0.0
3342822-0,dev,non_relevant,0,10,3.903703212738037,0.0,0.0,0.0,0.0
3343336#0,test,relevant,1,10,-2.664790153503418,0.5,0.0,0.43067655807339306,0.38685280723454163
3349792-0,test,non_relevant,0,10,-0.7048219442367554,0.0,0.0,0.0,0.0
3350878-0,dev,non_relevant,0,10,3.3415069580078125,0.0,0.0,0.0,0.0
3350996-0,test,non_relevant,0,10,1.2787048816680908,0.0,0.0,0.0,0.0
3354882#0,test,relevant,1,10,4.231938362121582,1.0,1.0,1.0,1.0
3355389-0,dev,non_relevant,0,10,1.5100276470184326,0.0,0.0,0.0,0.0
335896-0,test,non_relevant,0,10,4.049182891845703,0.0,0.0,0.0,0.0
3361015-0,dev,non_relevant,0,10,4.184739112854004,0.0,0.0,0.0,0.0
33621#0,test,relevant,1,10,3.973390579223633,0.8687949224876582,0.27727342735504823,0.7860137352654724,1.0
3362581#0,dev,relevant,1,10,4.019387722015381,1.0,0.0,0.6309297535714575,1.0
3365261-0,dev,non_relevant,0,10,0.34696996212005615,0.0,0.0,0.0,0.0
336680-0,test,non_relevant,0,10,4.6206254959106445,0.0,0.0,0.0,0.0
3368270#0,test,relevant,1,10,6.1903462409973145,1.0,1.0,1.0,1.0
3370536#0,test,relevant,1,10,4.5536909103393555,1.0,0.5,1.0,1.0
3370742-0,dev,non_relevant,0,10,4.880086898803711,0.0,0.0,0.0,0.0
337133#0,test,relevant,1,10,7.257251739501953,0.6992148198508501,0.4912596920895758,0.639945385422766,0.4912596920895758
3380973-0,test,non_relevant,0,10,7.3995771408081055,0.0,0.0,0.0,0.0
3382158-0,test,non_relevant,0,10,4.500335693359375,0.0,0.0,0.0,0.0
3382227-0,test,non_relevant,0,10,-2.7183542251586914,0.0,0.0,0.0,0.0
3388193-0,test,non_relevant,0,10,2.5900862216949463,0.0,0.0,0.0,0.0
338874#0,dev,relevant,1,10,4.264970302581787,0.8772153153380493,0.0,0.38685280723454163,0.8772153153380493
3391087#0,test,relevant,1,10,7.250909328460693,1.0,1.0,1.0,1.0
3392807-0,test,non_relevant,0,10,0.1466822624206543,0.0,0.0,0.0,0.0
33948#0,test,relevant,1,10,9.633027076721191,0.43067655807339306,0.38685280723454163,0.5,0.43067655807339306
3399673-0,dev,non_relevant,0,10,3.4136204719543457,0.0,0.0,0.0,0.0
3400152-0,dev,non_relevant,0,10,4.672472953796387,0.0,0.0,0.0,0.0
3403461-0,dev,non_relevant,0,10,1.8841394186019897,0.0,0.0,0.0,0.0
3403821-0,dev,non_relevant,0,10,1.364530086517334,0.0,0.0,0.0,0.0
3405532-0,dev,non_relevant,0,10,2.8037571907043457,0.0,0.0,0.0,0.0
3406319#0,test,relevant,1,10,4.353374004364014,0.592512031964586,0.5143371794949736,0.34620964322385606,0.9047172294870751
3406797-0,test,non_relevant,0,10,-1.0295391082763672,0.0,0.0,0.0,0.0
3408146-0,dev,non_relevant,0,10,5.18704891204834,0.0,0.0,0.0,0.0
3408548-0,test,non_relevant,0,10,4.251030921936035,0.0,0.0,0.0,0.0
3410780-0,test,non_relevant,0,10,2.656818151473999,0.0,0.0,0.0,0.0
3412909#0,dev,relevant,1,10,4.265536308288574,0.9469024295259745,0.23463936301137822,0.7039180890341347,0.9674679834891693
3413584-0,test,non_relevant,0,10,1.2496167421340942,0.0,0.0,0.0,0.0
3413868#0,test,relevant,1,10,5.08381462097168,0.7653606369886217,0.6713860725233041,0.7039180890341347,0.7122630665145961
3416614#0,test,relevant,1,10,8.204377174377441,1.0,1.0,1.0,1.0
3420363#0,test,relevant,1,10,7.941745758056641,1.0,0.43067655807339306,0.6309297535714575,1.0
3421837-0,test,non_relevant,0,10,3.4186995029449463,0.0,0.0,0.0,0.0
3421908#0,test,relevant,1,10,3.540562152862549,0.6309297535714575,0.5,0.6309297535714575,0.5
3422050-0,test,non_relevant,0,10,3.420879364013672,0.0,0.0,0.0,0.0
3423816#0,test,relevant,1,10,4.095123767852783,0.0,0.0,0.0,0.43067655807339306
3423864#0,test,relevant,1,10,2.1088171005249023,1.0,0.0,0.43067655807339306,1.0
3423981-0,dev,non_relevant,0,10,3.3795905113220215,0.0,0.0,0.0,0.0
3430327-0,dev,non_relevant,0,10,-2.2476508617401123,0.0,0.0,0.0,0.0
3430363#0,test,relevant,1,10,6.124846458435059,0.9674679834891693,0.18154179253735267,0.7039180890341347,0.9469024295259745
3431544-0,test,non_relevant,0,10,2.253714084625244,0.0,0.0,0.0,0.0
3434719-0,test,non_relevant,0,10,1.0246551036834717,0.0,0.0,0.0,0.0
34374-0,dev,non_relevant,0,10,-1.2706117630004883,0.0,0.0,0.0,0.0
3440033-0,test,non_relevant,0,10,3.6969637870788574,0.0,0.0,0.0,0.0
3440930-0,test,non_relevant,0,10,-2.352147102355957,0.0,0.0,0.0,0.0
3440997-0,dev,non_relevant,0,10,1.2648158073425293,0.0,0.0,0.0,0.0
3443574-0,test,non_relevant,0,10,0.6849947571754456,0.0,0.0,0.0,0.0
344507-0,dev,non_relevant,0,10,-4.008978843688965,0.0,0.0,0.0,0.0
3445825-0,test,non_relevant,0,10,3.5424656867980957,0.0,0.0,0.0,0.0
3449445#0,dev,relevant,1,10,7.001136779785156,0.49818925746641285,0.6182885020492784,0.4367467095119258,0.7328286204777911
3455471-0,dev,non_relevant,0,10,2.474325180053711,0.0,0.0,0.0,0.0
3455498-0,test,non_relevant,0,10,3.181619644165039,0.0,0.0,0.0,0.0
3455752-0,test,non_relevant,0,10,2.8647677898406982,0.0,0.0,0.0,0.0
3456907-0,dev,non_relevant,0,10,0.6550543308258057,0.0,0.0,0.0,0.0
3460053-0,test,non_relevant,0,10,3.176948070526123,0.0,0.0,0.0,0.0
3460777-0,test,non_relevant,0,10,3.9756524562835693,0.0,0.0,0.0,0.0
346088-0,test,non_relevant,0,10,-1.148923397064209,0.0,0.0,0.0,0.0
3461240#0,test,relevant,1,10,4.685865879058838,0.5,0.0,0.38685280723454163,0.6309297535714575
346241-0,dev,non_relevant,0,10,0.25194835662841797,0.0,0.0,0.0,0.0
3463437-0,test,non_relevant,0,10,6.6376824378967285,0.0,0.0,0.0,0.0
3466044-0,dev,non_relevant,0,10,4.871758460998535,0.0,0.0,0.0,0.0
3467910-0,dev,non_relevant,0,10,3.6427981853485107,0.0,0.0,0.0,0.0
3468092-0,test,non_relevant,0,10,1.8230302333831787,0.0,0.0,0.0,0.0
3470468-0,test,non_relevant,0,10,0.9658949375152588,0.0,0.0,0.0,0.0
3471643-0,dev,non_relevant,0,10,1.463510274887085,0.0,0.0,0.0,0.0
3471951-0,dev,non_relevant,0,10,2.6815576553344727,0.0,0.0,0.0,0.0
347209#0,test,relevant,1,10,5.242095470428467,1.0,0.43067655807339306,1.0,1.0
3472815-0,test,non_relevant,0,10,3.333988666534424,0.0,0.0,0.0,0.0
3473173-0,test,non_relevant,0,10,2.0224366188049316,0.0,0.0,0.0,0.0
3474154-0,dev,non_relevant,0,10,4.424236297607422,0.0,0.0,0.0,0.0
3475176-0,dev,non_relevant,0,10,3.3022096157073975,0.0,0.0,0.0,0.0
3475794-0,test,non_relevant,0,10,4.578065872192383,0.0,0.0,0.0,0.0
3477276-0,test,non_relevant,0,10,-0.19242636859416962,0.0,0.0,0.0,0.0
347914-0,test,non_relevant,0,10,1.234250783920288,0.0,0.0,0.0,0.0
3479286#0,dev,relevant,1,9,7.489765167236328,1.0,0.8687949224876582,1.0,0.8687949224876582
3479743-0,test,non_relevant,0,10,5.008624076843262,0.0,0.0,0.0,0.0
3492531-0,test,non_relevant,0,10,2.910212755203247,0.0,0.0,0.0,0.0
3492911#0,test,relevant,1,10,4.382542133331299,0.23719771276929622,0.0,0.0,0.6509209298071326
3497876-0,test,non_relevant,0,10,0.525588870048523,0.0,0.0,0.0,0.0
3498643-0,test,non_relevant,0,10,-2.899515390396118,0.0,0.0,0.0,0.0
3499636#0,test,relevant,1,8,6.411373615264893,1.0,0.7039180890341347,0.9469024295259745,1.0
3503114#0,test,relevant,1,10,6.912787437438965,1.0,0.6309297535714575,1.0,1.0
3505865-0,test,non_relevant,0,10,5.597416877746582,0.0,0.0,0.0,0.0
35140#0,test,relevant,1,8,5.40928840637207,0.5307212739772434,0.18154179253735267,0.38364913903790027,0.7328286204777911
3515890-0,dev,non_relevant,0,10,1.7657053470611572,0.0,0.0,0.0,0.0
3517061-0,test,non_relevant,0,10,-1.7680082321166992,0.0,0.0,0.0,0.0
3517356#0,dev,relevant,1,10,8.828570365905762,0.6548086577531307,0.4912596920895758,0.4912596920895758,1.0
3523032-0,test,non_relevant,0,10,5.825206756591797,0.0,0.0,0.0,0.0
3524346#0,test,relevant,1,10,3.354626178741455,1.0,0.0,0.6508205185601091,1.0
3526482#0,test,relevant,1,10,-0.3047972321510315,0.6131471927654584,0.3065735963827292,0.2640681225725909,0.6131471927654584
352858#0,test,relevant,1,10,6.827123641967773,0.8048099750039491,0.15101961822780524,0.5855700749881525,0.9828920819566879
352930-0,test,non_relevant,0,10,5.896694183349609,0.0,0.0,0.0,0.0
3532396-0,dev,non_relevant,0,10,7.377101898193359,0.0,0.0,0.0,0.0
3534377#0,test,relevant,1,10,4.117614269256592,0.5437713091520254,0.2640681225725909,0.2640681225725909,0.6934264036172708
3535660#0,test,relevant,1,10,5.085502624511719,0.8503449055347546,0.23719771276929622,0.6131471927654584,0.6131471927654584
3537103-0,test,non_relevant,0,10,-2.6134376525878906,0.0,0.0,0.0,0.0
3537486-0,dev,non_relevant,0,10,3.0444891452789307,0.0,0.0,0.0,0.0
3538222-0,test,non_relevant,0,10,4.590691566467285,0.0,0.0,0.0,0.0
3538707#0,test,relevant,1,10,7.280207633972168,1.0,0.5,1.0,1.0
353921-0,test,non_relevant,0,10,2.372711181640625,0.0,0.0,0.0,0.0
3542415-0,dev,non_relevant,0,10,-1.5606298446655273,0.0,0.0,0.0,0.0
355119-0,test,non_relevant,0,10,5.963097095489502,0.0,0.0,0.0,0.0
3554405-0,test,non_relevant,0,10,3.2949063777923584,0.0,0.0,0.0,0.0
3556464-0,dev,non_relevant,0,10,0.037673864513635635,0.0,0.0,0.0,0.0
35601-0,dev,non_relevant,0,10,4.849272727966309,0.0,0.0,0.0,0.0
3560131#0,test,relevant,1,9,5.530290126800537,1.0,0.3065735963827292,0.8503449055347546,1.0
3563207#0,test,relevant,1,10,7.3825225830078125,0.8503449055347546,0.0,0.3065735963827292,1.0
35690#0,test,relevant,1,10,4.053661346435547,1.0,0.23719771276929622,0.6131471927654584,0.8772153153380493
3570961-0,test,non_relevant,0,10,-1.3909602165222168,0.0,0.0,0.0,0.0
3572740-0,dev,non_relevant,0,10,1.8327995538711548,0.0,0.0,0.0,0.0
35737#0,test,relevant,1,10,7.3243794441223145,1.0,0.0,0.23463936301137822,0.7122630665145961
3574882-0,dev,non_relevant,0,10,2.738185405731201,0.0,0.0,0.0,0.0
3575034#0,dev,relevant,1,10,7.721378803253174,1.0,1.0,1.0,1.0
3576400-0,test,non_relevant,0,10,5.803019046783447,0.0,0.0,0.0,0.0
3580029-0,test,non_relevant,0,10,0.9031714200973511,0.0,0.0,0.0,0.0
358014#0,test,relevant,1,10,8.056647300720215,0.0,0.0,0.0,0.0
3581199-0,test,non_relevant,0,10,2.753782272338867,0.0,0.0,0.0,0.0
3581312-0,test,non_relevant,0,10,-0.6268370747566223,0.0,0.0,0.0,0.0
3584147-0,dev,non_relevant,0,10,5.43147611618042,0.0,0.0,0.0,0.0
3584327-0,dev,non_relevant,0,10,1.8009812831878662,0.0,0.0,0.0,0.0
3592424#0,test,relevant,1,10,8.886882781982422,0.6934264036172708,0.0,0.38685280723454163,1.0
359395-0,dev,non_relevant,0,10,2.9664511680603027,0.0,0.0,0.0,0.0
3598812#0,test,relevant,1,10,6.957085132598877,1.0,0.38685280723454163,0.6131471927654584,1.0
3601741-0,dev,non_relevant,0,10,4.239396095275879,0.0,0.0,0.0,0.0
3601781#0,test,relevant,1,10,5.895159721374512,0.8772153153380493,0.8503449055347546,0.9197207891481876,1.0
3604840-0,dev,non_relevant,0,10,4.339028358459473,0.0,0.0,0.0,0.0
3608981#0,dev,relevant,1,10,4.837311744689941,1.0,1.0,1.0,1.0
3612082-0,test,non_relevant,0,10,7.6275105476379395,0.0,0.0,0.0,0.0
361279-0,dev,non_relevant,0,10,-2.7340006828308105,0.0,0.0,0.0,0.0
3616121-0,test,non_relevant,0,10,1.739977478981018,0.0,0.0,0.0,0.0
3618116-0,test,non_relevant,0,10,3.0353806018829346,0.0,0.0,0.0,0.0
3618479#0,test,relevant,1,10,7.579948425292969,1.0,0.0,0.5,1.0
3625531-0,test,non_relevant,0,10,4.32861852645874,0.0,0.0,0.0,0.0
3626769-0,test,non_relevant,0,10,-0.4379371702671051,0.0,0.0,0.0,0.0
3629433#0,test,relevant,1,10,0.7372978925704956,1.0,0.0,0.6309297535714575,0.5
3629440-0,test,non_relevant,0,10,3.32188081741333,0.0,0.0,0.0,0.0
3630168#0,dev,relevant,1,10,2.0090651512145996,0.5307212739772434,0.46927872602275644,0.6713860725233041,0.5307212739772434
3632519-0,dev,non_relevant,0,10,4.512904167175293,0.0,0.0,0.0,0.0
363267-0,test,non_relevant,0,10,2.4854865074157715,0.0,0.0,0.0,0.0
3634731-0,test,non_relevant,0,10,1.6838470697402954,0.0,0.0,0.0,0.0
3638191-0,dev,non_relevant,0,10,2.4443812370300293,0.0,0.0,0.0,0.0
3639108#0,test,relevant,1,10,2.140918731689453,0.8772153153380493,0.23719771276929622,0.38685280723454163,0.9197207891481876
363977-0,dev,non_relevant,0,10,-2.258046865463257,0.0,0.0,0.0,0.0
3639849-0,test,non_relevant,0,10,-1.7797999382019043,0.0,0.0,0.0,0.0
3669283-0,test,non_relevant,0,10,3.1070871353149414,0.0,0.0,0.0,0.0
3671143-0,dev,non_relevant,0,10,-0.5115566253662109,0.0,0.0,0.0,0.0
3672671-0,test,non_relevant,0,10,1.4969205856323242,0.0,0.0,0.0,0.0
3672950#0,test,relevant,1,9,4.924280166625977,1.0,0.38685280723454163,0.8503449055347546,1.0
3675258-0,test,non_relevant,0,10,0.3978787362575531,0.0,0.0,0.0,0.0
3675587-0,test,non_relevant,0,10,0.018028054386377335,0.0,0.0,0.0,0.0
3675800-0,dev,non_relevant,0,10,2.6627390384674072,0.0,0.0,0.0,0.0
3677504#0,test,relevant,1,10,4.793447494506836,0.6992148198508501,0.34519134224686937,0.6608397947263839,0.8539316501572937
3678420#0,dev,relevant,1,10,4.169538497924805,0.6992148198508501,0.8687949224876582,0.8687949224876582,0.6992148198508501
3679507-0,dev,non_relevant,0,10,4.317506790161133,0.0,0.0,0.0,0.0
368163-0,dev,non_relevant,0,10,2.0516228675842285,0.0,0.0,0.0,0.0
3681754-0,test,non_relevant,0,10,2.7539241313934326,0.0,0.0,0.0,0.0
3684084#0,test,relevant,1,10,2.4705469608306885,1.0,1.0,1.0,1.0
368698-0,test,non_relevant,0,10,6.753171920776367,0.0,0.0,0.0,0.0
3687385-0,test,non_relevant,0,10,4.128037452697754,0.0,0.0,0.0,0.0
3688352-0,test,non_relevant,0,10,-3.8689727783203125,0.0,0.0,0.0,0.0
3689180-0,test,non_relevant,0,10,-2.1391046047210693,0.0,0.0,0.0,0.0
3689250-0,dev,non_relevant,0,10,0.9365184903144836,0.0,0.0,0.0,0.0
3693424#0,test,relevant,1,10,3.0470259189605713,0.6309297535714575,1.0,0.6309297535714575,1.0
3695224-0,dev,non_relevant,0,10,3.6126673221588135,0.0,0.0,0.0,0.0
3700085#0,test,relevant,1,9,7.436985969543457,0.6309297535714575,0.0,0.43067655807339306,0.6309297535714575
3703773-0,test,non_relevant,0,10,2.5650923252105713,0.0,0.0,0.0,0.0
3709658-0,dev,non_relevant,0,10,-1.927168607711792,0.0,0.0,0.0,0.0
371007-0,test,non_relevant,0,10,-0.01740090921521187,0.0,0.0,0.0,0.0
3710115-0,dev,non_relevant,0,10,3.8259215354919434,0.0,0.0,0.0,0.0
3711083#0,dev,relevant,1,10,5.895173072814941,0.9060254355346823,0.6797310500037655,0.7328286204777911,0.7328286204777911
3715857-0,test,non_relevant,0,10,0.38523465394973755,0.0,0.0,0.0,0.0
3722020#0,dev,relevant,1,9,7.948667526245117,0.9828920819566879,0.6366824387328317,1.0,0.8318724637288826
3723349-0,test,non_relevant,0,10,1.0396127700805664,0.0,0.0,0.0,0.0
3726633-0,test,non_relevant,0,10,-1.0611631870269775,0.0,0.0,0.0,0.0
3734140-0,dev,non_relevant,0,10,3.067350387573242,0.0,0.0,0.0,0.0
3734458-0,test,non_relevant,0,10,4.144587516784668,0.0,0.0,0.0,0.0
3734923-0,dev,non_relevant,0,10,1.4404346942901611,0.0,0.0,0.0,0.0
3740563#0,test,relevant,1,10,4.524604797363281,1.0,0.0,0.43067655807339306,1.0
3741769-0,test,non_relevant,0,10,1.6644370555877686,0.0,0.0,0.0,0.0
374260-0,test,non_relevant,0,10,1.7519946098327637,0.0,0.0,0.0,0.0
3745646#0,dev,relevant,1,10,5.7251386642456055,1.0,0.38685280723454163,0.6309297535714575,0.6309297535714575
374590-0,test,non_relevant,0,10,1.749843716621399,0.0,0.0,0.0,0.0
3747979-0,dev,non_relevant,0,10,2.3461899757385254,0.0,0.0,0.0,0.0
3752144-0,dev,non_relevant,0,10,2.2643542289733887,0.0,0.0,0.0,0.0
3753600-0,test,non_relevant,0,10,4.18565034866333,0.0,0.0,0.0,0.0
3756612-0,test,non_relevant,0,10,3.544844150543213,0.0,0.0,0.0,0.0
3758168#0,test,relevant,1,10,10.288179397583008,0.8539316501572937,0.5531464700081437,0.6548086577531307,0.8687949224876582
3761313-0,test,non_relevant,0,10,1.4077529907226562,0.0,0.0,0.0,0.0
3763008#0,test,relevant,1,10,4.240048408508301,0.6508205185601091,0.4367467095119258,0.6713860725233041,0.46927872602275644
3763474-0,test,non_relevant,0,10,5.532675743103027,0.0,0.0,0.0,0.0
3765447-0,test,non_relevant,0,10,1.5731713771820068,0.0,0.0,0.0,0.0
3767290-0,test,non_relevant,0,10,-2.235471248626709,0.0,0.0,0.0,0.0
3767971#0,dev,relevant,1,10,6.508338451385498,1.0,0.0,0.43067655807339306,0.6309297535714575
3772532#0,test,relevant,1,10,4.855588912963867,0.6309297535714575,0.0,0.43067655807339306,1.0
3776269-0,test,non_relevant,0,10,4.027207374572754,0.0,0.0,0.0,0.0
3779016-0,dev,non_relevant,0,10,1.4398128986358643,0.0,0.0,0.0,0.0
3781101#0,test,relevant,1,10,7.066024303436279,0.7653606369886217,0.6797310500037655,0.9469024295259745,0.9060254355346823
37817-0,test,non_relevant,0,10,5.218635559082031,0.0,0.0,0.0,0.0
3783767#0,test,relevant,1,10,5.961446285247803,1.0,0.5087403079104241,0.8539316501572937,1.0
3783769-0,dev,non_relevant,0,10,1.5795462131500244,0.0,0.0,0.0,0.0
3784724#0,test,relevant,1,10,3.1653754711151123,0.5,0.43067655807339306,0.6309297535714575,0.6309297535714575
3785996#0,test,relevant,1,10,7.222684383392334,0.8503449055347546,0.0,0.23719771276929622,1.0
3788149-0,dev,non_relevant,0,10,0.3348197638988495,0.0,0.0,0.0,0.0
3789850#0,dev,relevant,1,10,0.9656038284301758,0.6309297535714575,0.0,0.38685280723454163,0.6309297535714575
3793893#0,test,relevant,1,10,4.643062114715576,0.7227265726449519,0.7860137352654724,0.8687949224876582,0.7860137352654724
3795906-0,dev,non_relevant,0,10,-6.4287109375,0.0,0.0,0.0,0.0
3798694-0,dev,non_relevant,0,10,1.629262924194336,0.0,0.0,0.0,0.0
3803169-0,dev,non_relevant,0,10,1.468519687652588,0.0,0.0,0.0,0.0
3803827#0,test,relevant,1,10,6.389093399047852,1.0,1.0,1.0,0.9197207891481876
3804719-0,test,non_relevant,0,10,2.3417959213256836,0.0,0.0,0.0,0.0
3808681-0,dev,non_relevant,0,10,-2.717517375946045,0.0,0.0,0.0,0.0
3810542-0,test,non_relevant,0,10,6.71814489364624,0.0,0.0,0.0,0.0
3812620-0,test,non_relevant,0,10,0.7013901472091675,0.0,0.0,0.0,0.0
3815100-0,test,non_relevant,0,10,-0.044994257390499115,0.0,0.0,0.0,0.0
3819012-0,test,non_relevant,0,10,2.693343162536621,0.0,0.0,0.0,0.0
3819400#0,test,relevant,1,10,3.993259906768799,0.5147714448836774,0.7860137352654724,0.5147714448836774,0.830419897363192
3820752#0,dev,relevant,1,10,7.774910926818848,0.8687949224876582,0.8539316501572937,0.8539316501572937,1.0
3821017-0,test,non_relevant,0,10,0.6556804776191711,0.0,0.0,0.0,0.0
3826624-0,dev,non_relevant,0,10,1.3276944160461426,0.0,0.0,0.0,0.0
3829719#0,dev,relevant,1,10,6.030261993408203,0.6713860725233041,0.7653606369886217,0.7653606369886217,0.6713860725233041
3831656-0,test,non_relevant,0,10,2.88722562789917,0.0,0.0,0.0,0.0
3832879-0,test,non_relevant,0,10,3.2104997634887695,0.0,0.0,0.0,0.0
383461-0,dev,non_relevant,0,10,6.88597297668457,0.0,0.0,0.0,0.0
3835362-0,dev,non_relevant,0,10,2.1713452339172363,0.0,0.0,0.0,0.0
3835985-0,test,non_relevant,0,10,0.2084650993347168,0.0,0.0,0.0,0.0
3836585-0,test,non_relevant,0,10,3.025002956390381,0.0,0.0,0.0,0.0
3838950-0,test,non_relevant,0,10,2.532393217086792,0.0,0.0,0.0,0.0
3839404-0,dev,non_relevant,0,10,2.268421173095703,0.0,0.0,0.0,0.0
384053-0,test,non_relevant,0,10,1.8380100727081299,0.0,0.0,0.0,0.0
3842421#0,dev,relevant,1,10,5.2167816162109375,0.38685280723454163,0.0,0.0,0.0
3842782-0,test,non_relevant,0,10,-1.8670469522476196,0.0,0.0,0.0,0.0
384280-0,dev,non_relevant,0,10,0.5140687227249146,0.0,0.0,0.0,0.0
3843336-0,test,non_relevant,0,10,3.684155225753784,0.0,0.0,0.0,0.0
3843575-0,dev,non_relevant,0,10,3.6661300659179688,0.0,0.0,0.0,0.0
384494#0,dev,relevant,1,10,7.824857234954834,0.6309297535714575,0.6309297535714575,1.0,1.0
384863-0,test,non_relevant,0,10,2.1366488933563232,0.0,0.0,0.0,0.0
386201-0,test,non_relevant,0,10,1.5553197860717773,0.0,0.0,0.0,0.0
38626-0,dev,non_relevant,0,10,3.3243370056152344,0.0,0.0,0.0,0.0
386482#0,dev,relevant,1,10,4.650729656219482,1.0,0.4367467095119258,0.8854598815714874,1.0
387983#0,dev,relevant,1,10,4.934604644775391,0.7039180890341347,0.6713860725233041,1.0,0.23463936301137822
3881983-0,test,non_relevant,0,10,0.8503354787826538,0.0,0.0,0.0,0.0
3882550-0,test,non_relevant,0,10,5.8150434494018555,0.0,0.0,0.0,0.0
3883453#0,test,relevant,1,10,4.206996917724609,0.4912596920895758,0.5087403079104241,0.5147714448836774,0.5087403079104241
3884964-0,test,non_relevant,0,10,0.8431447744369507,0.0,0.0,0.0,0.0
3889539-0,dev,non_relevant,0,10,-1.4240596294403076,0.0,0.0,0.0,0.0
3890048#0,test,relevant,1,10,3.605741500854492,0.0,0.0,0.0,0.0
389100#0,test,relevant,1,10,6.673195838928223,0.9197207891481876,0.6131471927654584,0.8503449055347546,0.38685280723454163
3894322-0,test,non_relevant,0,10,2.351914882659912,0.0,0.0,0.0,0.0
389499#0,test,relevant,1,10,6.071261882781982,1.0,0.0,0.5012658353418871,1.0
3895028-0,test,non_relevant,0,10,3.614593744277954,0.0,0.0,0.0,0.0
389561-0,test,non_relevant,0,10,2.490969181060791,0.0,0.0,0.0,0.0
3897500-0,test,non_relevant,0,10,-1.836355209350586,0.0,0.0,0.0,0.0
389751-0,test,non_relevant,0,10,2.7052345275878906,0.0,0.0,0.0,0.0
3903532-0,test,non_relevant,0,10,1.9897034168243408,0.0,0.0,0.0,0.0
3906797-0,test,non_relevant,0,10,-0.8767090439796448,0.0,0.0,0.0,0.0
3907285#0,test,relevant,1,9,5.32871150970459,0.43067655807339306,0.0,0.0,0.6309297535714575
3908220-0,dev,non_relevant,0,10,1.656218409538269,0.0,0.0,0.0,0.0
390879-0,test,non_relevant,0,10,2.539886474609375,0.0,0.0,0.0,0.0
390955-0,test,non_relevant,0,10,1.051178216934204,0.0,0.0,0.0,0.0
3909922-0,test,non_relevant,0,10,1.1509697437286377,0.0,0.0,0.0,0.0
3910067-0,dev,non_relevant,0,10,-1.2974965572357178,0.0,0.0,0.0,0.0
3910130-0,dev,non_relevant,0,10,2.808344602584839,0.0,0.0,0.0,0.0
3910431-0,test,non_relevant,0,10,5.131735801696777,0.0,0.0,0.0,0.0
391204-0,test,non_relevant,0,10,-1.0073134899139404,0.0,0.0,0.0,0.0
3913441-0,test,non_relevant,0,10,-0.9539386034011841,0.0,0.0,0.0,0.0
3913442#0,dev,relevant,1,10,5.0444655418396,0.43067655807339306,0.0,0.0,0.5
3913964#0,test,relevant,1,10,5.498983383178711,1.0,0.0,0.6309297535714575,1.0
3915903#0,test,relevant,1,10,4.73744535446167,0.6309297535714575,0.43067655807339306,1.0,1.0
3917#0,dev,relevant,1,10,4.849745273590088,0.6309297535714575,0.0,0.43067655807339306,1.0
3917489#0,test,relevant,1,10,2.482534885406494,0.9197207891481876,0.38685280723454163,0.8772153153380493,1.0
391763-0,dev,non_relevant,0,10,1.3518078327178955,0.0,0.0,0.0,0.0
3919184#0,test,relevant,1,10,10.454277038574219,1.0,0.38685280723454163,0.6309297535714575,1.0
392089-0,dev,non_relevant,0,10,2.7359819412231445,0.0,0.0,0.0,0.0
3921213-0,dev,non_relevant,0,10,-0.9884155988693237,0.0,0.0,0.0,0.0
392137#0,dev,relevant,1,10,0.5486336946487427,0.38685280723454163,0.0,0.2640681225725909,0.6240505200038379
3922475-0,test,non_relevant,0,10,1.3418793678283691,0.0,0.0,0.0,0.0
3925176-0,dev,non_relevant,0,10,1.823411464691162,0.0,0.0,0.0,0.0
3926915#0,test,relevant,1,10,5.316911220550537,0.38685280723454163,0.38685280723454163,0.0,0.6131471927654584
3927550-0,dev,non_relevant,0,10,2.015839099884033,0.0,0.0,0.0,0.0
3929835-0,test,non_relevant,0,10,3.6554977893829346,0.0,0.0,0.0,0.0
3931154-0,dev,non_relevant,0,10,4.856048583984375,0.0,0.0,0.0,0.0
3932257#0,dev,relevant,1,10,4.048720359802246,0.5706417189553201,0.5706417189553201,0.6509209298071326,0.6509209298071326
3932773-0,test,non_relevant,0,10,-2.3844995498657227,0.0,0.0,0.0,0.0
3933363#0,dev,relevant,1,10,6.222419261932373,1.0,0.0,0.5654495432396527,1.0
3934333#0,test,relevant,1,10,4.489455223083496,0.7860137352654724,1.0,0.6608397947263839,0.8539316501572937
39349-0,test,non_relevant,0,10,0.29781848192214966,0.0,0.0,0.0,0.0
3935391-0,test,non_relevant,0,10,1.6079459190368652,0.0,0.0,0.0,0.0
3935509#0,test,relevant,1,10,8.010059356689453,1.0,0.5413996682199069,0.8318724637288826,1.0
3937951#0,test,relevant,1,10,6.434002876281738,0.6934264036172708,0.2640681225725909,0.6240505200038379,0.6934264036172708
3940203-0,dev,non_relevant,0,10,0.9698948860168457,0.0,0.0,0.0,0.0
3942275-0,test,non_relevant,0,10,5.248285293579102,0.0,0.0,0.0,0.0
3943206#0,test,relevant,1,10,6.564701080322266,0.639945385422766,0.8539316501572937,0.7227265726449519,0.5087403079104241
3948432-0,test,non_relevant,0,10,3.233394145965576,0.0,0.0,0.0,0.0
3949207#0,test,relevant,1,10,7.33262825012207,0.8318724637288826,0.592512031964586,0.8318724637288826,0.8318724637288826
3951119#0,test,relevant,1,10,1.7185713052749634,0.38685280723454163,0.0,0.0,0.38685280723454163
3951121-0,dev,non_relevant,0,10,6.274309158325195,0.0,0.0,0.0,0.0
3951279-0,dev,non_relevant,0,10,2.3902764320373535,0.0,0.0,0.0,0.0
3953781-0,test,non_relevant,0,10,1.2470245361328125,0.0,0.0,0.0,0.0
3953958-0,dev,non_relevant,0,10,1.035279631614685,0.0,0.0,0.0,0.0
395461-0,dev,non_relevant,0,10,0.614219605922699,0.0,0.0,0.0,0.0
395534-0,dev,non_relevant,0,10,2.5935840606689453,0.0,0.0,0.0,0.0
395537-0,dev,non_relevant,0,10,-2.069410562515259,0.0,0.0,0.0,0.0
3955612#0,test,relevant,1,10,7.041787624359131,0.6309297535714575,1.0,1.0,1.0
3957304-0,dev,non_relevant,0,10,2.987112522125244,0.0,0.0,0.0,0.0
395828#0,test,relevant,1,10,8.481858253479004,1.0,0.38685280723454163,0.5,1.0
396269#0,test,relevant,1,10,1.4281564950942993,0.5,0.5,0.6309297535714575,0.6309297535714575
3964090#0,test,relevant,1,10,6.218286991119385,0.8772153153380493,0.9197207891481876,1.0,1.0
3965848#0,dev,relevant,1,10,6.212900161743164,1.0,1.0,1.0,1.0
39665-0,dev,non_relevant,0,10,2.531165838241577,0.0,0.0,0.0,0.0
3970547-0,test,non_relevant,0,10,4.724211692810059,0.0,0.0,0.0,0.0
3971298-0,dev,non_relevant,0,10,-3.3656411170959473,0.0,0.0,0.0,0.0
3973097-0,test,non_relevant,0,10,2.92315673828125,0.0,0.0,0.0,0.0
3973729#0,test,relevant,1,10,6.085841178894043,0.0,0.0,0.0,1.0
3974137#0,test,relevant,1,10,3.010401725769043,0.6309297535714575,0.0,0.0,1.0
3976381-0,dev,non_relevant,0,10,2.777981758117676,0.0,0.0,0.0,0.0
3976644-0,dev,non_relevant,0,10,0.5161445140838623,0.0,0.0,0.0,0.0
3977527-0,test,non_relevant,0,10,1.5122127532958984,0.0,0.0,0.0,0.0
3978611#0,test,relevant,1,10,5.890872955322266,0.34620964322385606,0.8318724637288826,0.8318724637288826,0.3191471544989227
3979395-0,dev,non_relevant,0,10,6.929255485534668,0.0,0.0,0.0,0.0
3981006#0,dev,relevant,1,10,3.2463111877441406,0.46927872602275644,0.5307212739772434,0.6508205185601091,0.7039180890341347
3982280#0,test,relevant,1,10,5.627710819244385,1.0,0.6131471927654584,0.8503449055347546,1.0
3984767-0,test,non_relevant,0,10,-2.023878335952759,0.0,0.0,0.0,0.0
3984994-0,test,non_relevant,0,10,5.143093109130859,0.0,0.0,0.0,0.0
3986407#0,dev,relevant,1,10,8.789306640625,0.9047172294870751,0.16812753627111746,0.5413996682199069,0.9047172294870751
398660-0,test,non_relevant,0,10,-2.2966411113739014,0.0,0.0,0.0,0.0
398674#0,dev,relevant,1,10,4.274826526641846,1.0,0.0,0.43067655807339306,1.0
3988057-0,dev,non_relevant,0,10,1.98610258102417,0.0,0.0,0.0,0.0
3988546#0,test,relevant,1,10,5.186460494995117,0.7227265726449519,0.8687949224876582,0.8687949224876582,0.8687949224876582
399024-0,dev,non_relevant,0,10,0.5470291972160339,0.0,0.0,0.0,0.0
399145-0,dev,non_relevant,0,10,2.8095126152038574,0.0,0.0,0.0,0.0
3992149-0,dev,non_relevant,0,10,7.108705520629883,0.0,0.0,0.0,0.0
3994587-0,test,non_relevant,0,10,1.8738903999328613,0.0,0.0,0.0,0.0
3994838-0,test,non_relevant,0,10,0.40871551632881165,0.0,0.0,0.0,0.0
3995666-0,test,non_relevant,0,10,3.5145506858825684,0.0,0.0,0.0,0.0
4001391-0,test,non_relevant,0,10,2.558077812194824,0.0,0.0,0.0,0.0
400252-0,dev,non_relevant,0,10,3.059689521789551,0.0,0.0,0.0,0.0
4002550-0,test,non_relevant,0,10,3.4691410064697266,0.0,0.0,0.0,0.0
4002893-0,dev,non_relevant,0,10,-2.1859652996063232,0.0,0.0,0.0,0.0
4003623-0,test,non_relevant,0,10,-2.439725399017334,0.0,0.0,0.0,0.0
4004859#0,test,relevant,1,10,4.91702127456665,1.0,0.27727342735504823,0.6608397947263839,1.0
4008994-0,dev,non_relevant,0,10,4.651098728179932,0.0,0.0,0.0,0.0
4009836-0,test,non_relevant,0,10,6.876071453094482,0.0,0.0,0.0,0.0
4009903#0,test,relevant,1,10,6.416517734527588,1.0,0.6509209298071326,0.9197207891481876,1.0
4010187-0,test,non_relevant,0,10,3.2676162719726562,0.0,0.0,0.0,0.0
4010704-0,test,non_relevant,0,10,0.4195716977119446,0.0,0.0,0.0,0.0
4011791-0,dev,non_relevant,0,10,3.115732192993164,0.0,0.0,0.0,0.0
4013075-0,dev,non_relevant,0,10,0.23624934256076813,0.0,0.0,0.0,0.0
4013377-0,test,non_relevant,0,10,2.2957842350006104,0.0,0.0,0.0,0.0
4018491-0,dev,non_relevant,0,10,-1.823759913444519,0.0,0.0,0.0,0.0
4018642-0,test,non_relevant,0,10,0.7234414219856262,0.0,0.0,0.0,0.0
4019489#0,test,relevant,1,10,0.3852751851081848,1.0,0.3065735963827292,1.0,1.0
402059-0,test,non_relevant,0,10,3.6503028869628906,0.0,0.0,0.0,0.0
4021765#0,test,relevant,1,10,0.12810584902763367,0.23719771276929622,0.0,0.0,0.6934264036172708
4022904-0,test,non_relevant,0,10,-2.959944725036621,0.0,0.0,0.0,0.0
4023604-0,test,non_relevant,0,10,3.5857439041137695,0.0,0.0,0.0,0.0
402986#0,dev,relevant,1,10,3.881601572036743,0.6309297535714575,0.43067655807339306,0.6309297535714575,1.0
4031352-0,test,non_relevant,0,10,4.246273994445801,0.0,0.0,0.0,0.0
4032775-0,dev,non_relevant,0,10,1.6307584047317505,0.0,0.0,0.0,0.0
4034990-0,dev,non_relevant,0,10,-0.08236850798130035,0.0,0.0,0.0,0.0
4036143#0,test,relevant,1,10,4.838342189788818,1.0,0.43067655807339306,1.0,1.0
403825-0,dev,non_relevant,0,10,5.048000335693359,0.0,0.0,0.0,0.0
4040556-0,test,non_relevant,0,10,2.1539182662963867,0.0,0.0,0.0,0.0
4044197-0,test,non_relevant,0,10,5.982685089111328,0.0,0.0,0.0,0.0
4044527#0,test,relevant,1,10,10.286805152893066,0.6309297535714575,0.43067655807339306,0.6309297535714575,1.0
4047042#0,dev,relevant,1,10,9.109546661376953,1.0,0.49818925746641285,0.9469024295259745,1.0
4053938#0,test,relevant,1,10,6.704730033874512,1.0,0.0,0.6934264036172708,0.6131471927654584
4054336#0,test,relevant,1,10,4.201990127563477,0.9469024295259745,0.41618115554873086,0.9060254355346823,0.9674679834891693
405770-0,test,non_relevant,0,10,-0.025356657803058624,0.0,0.0,0.0,0.0
4059674-0,dev,non_relevant,0,10,2.091606616973877,0.0,0.0,0.0,0.0
4065463-0,dev,non_relevant,0,10,-0.6791338920593262,0.0,0.0,0.0,0.0
4066870#0,test,relevant,1,10,4.830830097198486,1.0,1.0,1.0,1.0
4067265-0,test,non_relevant,0,10,4.095031261444092,0.0,0.0,0.0,0.0
4070327-0,test,non_relevant,0,10,3.9381051063537598,0.0,0.0,0.0,0.0
4071976#0,test,relevant,1,10,6.676575183868408,1.0,0.6509209298071326,1.0,1.0
4072437-0,test,non_relevant,0,10,1.3753758668899536,0.0,0.0,0.0,0.0
407711-0,dev,non_relevant,0,10,2.1601521968841553,0.0,0.0,0.0,0.0
4077742-0,test,non_relevant,0,10,1.8841944932937622,0.0,0.0,0.0,0.0
408776-0,dev,non_relevant,0,10,0.7126900553703308,0.0,0.0,0.0,0.0
4089865-0,test,non_relevant,0,10,1.78438401222229,0.0,0.0,0.0,0.0
40946-0,test,non_relevant,0,10,1.596018671989441,0.0,0.0,0.0,0.0
409461-0,test,non_relevant,0,10,-4.776232719421387,0.0,0.0,0.0,0.0
4095536#0,test,relevant,1,10,4.760745525360107,0.23719771276929622,0.0,0.0,1.0
4095625#0,test,relevant,1,10,4.7271728515625,1.0,0.5437713091520254,0.9197207891481876,1.0
4110969-0,test,non_relevant,0,10,-0.44612863659858704,0.0,0.0,0.0,0.0
411122-0,test,non_relevant,0,10,1.2405986785888672,0.0,0.0,0.0,0.0
4117168#0,test,relevant,1,10,8.318084716796875,0.5,0.0,0.5,0.6309297535714575
4119768-0,dev,non_relevant,0,10,-3.8561291694641113,0.0,0.0,0.0,0.0
4121592#0,test,relevant,1,10,0.03124065138399601,1.0,0.0,0.43067655807339306,0.43067655807339306
412246-0,test,non_relevant,0,10,2.9832239151000977,0.0,0.0,0.0,0.0
4126725#0,test,relevant,1,10,2.5134119987487793,0.2640681225725909,0.3065735963827292,0.3065735963827292,0.5706417189553201
41379#0,test,relevant,1,10,3.766026496887207,1.0,0.0,0.6240505200038379,0.8503449055347546
417014#0,test,relevant,1,10,6.88597297668457,1.0,0.5,1.0,1.0
4184215-0,dev,non_relevant,0,10,0.5245578289031982,0.0,0.0,0.0,0.0
4189525-0,dev,non_relevant,0,10,3.2722134590148926,0.0,0.0,0.0,0.0
4191272-0,test,non_relevant,0,10,7.406798839569092,0.0,0.0,0.0,0.0
4191350-0,test,non_relevant,0,10,-5.395235061645508,0.0,0.0,0.0,0.0
4193739-0,dev,non_relevant,0,10,1.5511412620544434,0.0,0.0,0.0,0.0
419395-0,dev,non_relevant,0,10,7.136619567871094,0.0,0.0,0.0,0.0
4204320-0,test,non_relevant,0,10,2.1318917274475098,0.0,0.0,0.0,0.0
4206346-0,dev,non_relevant,0,10,1.744638442993164,0.0,0.0,0.0,0.0
420964-0,dev,non_relevant,0,10,0.3605295717716217,0.0,0.0,0.0,0.0
4215484#0,dev,relevant,1,10,7.657074928283691,0.8687949224876582,0.4703652827859579,0.7227265726449519,0.8539316501572937
4216509#0,test,relevant,1,10,8.269550323486328,1.0,0.4367467095119258,0.9674679834891693,1.0
4219652-0,test,non_relevant,0,10,1.4751687049865723,0.0,0.0,0.0,0.0
422075-0,test,non_relevant,0,10,3.0893301963806152,0.0,0.0,0.0,0.0
4221479#0,test,relevant,1,10,1.8324964046478271,0.38685280723454163,0.0,0.0,0.5
42237#0,test,relevant,1,10,1.1104588508605957,1.0,0.38685280723454163,0.6131471927654584,0.9197207891481876
4223743-0,dev,non_relevant,0,10,-0.5079513788223267,0.0,0.0,0.0,0.0
4226703#0,test,relevant,1,10,1.4965029954910278,1.0,0.0,0.5,1.0
4228698-0,dev,non_relevant,0,10,2.585322856903076,0.0,0.0,0.0,0.0
4230656#0,dev,relevant,1,10,4.314966678619385,1.0,0.6309297535714575,1.0,1.0
4238609-0,test,non_relevant,0,10,2.907961368560791,0.0,0.0,0.0,0.0
424338#0,test,relevant,1,10,7.186964988708496,1.0,0.7365896932159578,1.0,1.0
4245836-0,dev,non_relevant,0,10,3.200251817703247,0.0,0.0,0.0,0.0
4248460-0,test,non_relevant,0,10,-3.0601205825805664,0.0,0.0,0.0,0.0
425342-0,dev,non_relevant,0,10,3.007266044616699,0.0,0.0,0.0,0.0
4255988-0,test,non_relevant,0,10,2.021549940109253,0.0,0.0,0.0,0.0
4257619-0,test,non_relevant,0,10,2.7877445220947266,0.0,0.0,0.0,0.0
4259931-0,test,non_relevant,0,10,3.1371631622314453,0.0,0.0,0.0,0.0
4261399#0,test,relevant,1,10,1.445550560951233,0.9469024295259745,0.41618115554873086,0.6797310500037655,0.6713860725233041
4267546-0,dev,non_relevant,0,10,1.2742949724197388,0.0,0.0,0.0,0.0
4269114-0,test,non_relevant,0,10,5.064332008361816,0.0,0.0,0.0,0.0
4272508-0,test,non_relevant,0,10,4.955739498138428,0.0,0.0,0.0,0.0
4273320#0,test,relevant,1,10,4.783847332000732,0.8318724637288826,0.15101961822780524,0.5654495432396527,0.8318724637288826
427995#0,dev,relevant,1,8,5.925230026245117,1.0,0.8529278650606567,0.9674679834891693,1.0
428670-0,dev,non_relevant,0,10,4.457026958465576,0.0,0.0,0.0,0.0
4287806-0,test,non_relevant,0,10,3.381847381591797,0.0,0.0,0.0,0.0
429074#0,dev,relevant,1,10,6.329499244689941,0.6843515475204855,0.6608397947263839,0.6548086577531307,0.6992148198508501
4291067-0,dev,non_relevant,0,10,4.8585004806518555,0.0,0.0,0.0,0.0
4293187-0,test,non_relevant,0,10,0.6025044918060303,0.0,0.0,0.0,0.0
4294886#0,test,relevant,1,10,3.5548181533813477,1.0,0.0,0.5437713091520254,1.0
4301165-0,dev,non_relevant,0,10,1.2738025188446045,0.0,0.0,0.0,0.0
4302723-0,test,non_relevant,0,10,0.9835754632949829,0.0,0.0,0.0,0.0
4304486-0,test,non_relevant,0,10,4.861432075500488,0.0,0.0,0.0,0.0
4307351-0,test,non_relevant,0,10,1.4304869174957275,0.0,0.0,0.0,0.0
4324410-0,test,non_relevant,0,10,0.7763586044311523,0.0,0.0,0.0,0.0
4324645#0,test,relevant,1,10,6.3746747970581055,1.0,0.0,0.5,1.0
4327006#0,test,relevant,1,10,8.531214714050293,0.830419897363192,0.5087403079104241,0.8539316501572937,0.8687949224876582
4330930-0,test,non_relevant,0,10,5.768050670623779,0.0,0.0,0.0,0.0
433349-0,test,non_relevant,0,10,2.558847665786743,0.0,0.0,0.0,0.0
4336997-0,test,non_relevant,0,10,1.2269353866577148,0.0,0.0,0.0,0.0
433907-0,test,non_relevant,0,10,-4.524883270263672,0.0,0.0,0.0,0.0
4352817-0,dev,non_relevant,0,10,-1.7648687362670898,0.0,0.0,0.0,0.0
4353515-0,dev,non_relevant,0,10,2.1883089542388916,0.0,0.0,0.0,0.0
4355269-0,dev,non_relevant,0,10,0.8090322613716125,0.0,0.0,0.0,0.0
4356667-0,dev,non_relevant,0,10,4.901253700256348,0.0,0.0,0.0,0.0
4358382-0,dev,non_relevant,0,10,4.8375244140625,0.0,0.0,0.0,0.0
4358719#0,test,relevant,1,10,5.409242630004883,0.0,0.0,0.0,0.38685280723454163
4361621#0,test,relevant,1,10,2.3576223850250244,0.5307212739772434,0.0,0.23463936301137822,0.5307212739772434
436922-0,dev,non_relevant,0,10,-0.5957556366920471,0.0,0.0,0.0,0.0
4371398-0,dev,non_relevant,0,10,8.814332008361816,0.0,0.0,0.0,0.0
4376525-0,test,non_relevant,0,10,0.4664885997772217,0.0,0.0,0.0,0.0
4376870-0,dev,non_relevant,0,10,5.931368350982666,0.0,0.0,0.0,0.0
4384407-0,test,non_relevant,0,10,-1.7982450723648071,0.0,0.0,0.0,0.0
4386262-0,test,non_relevant,0,10,2.8912038803100586,0.0,0.0,0.0,0.0
4386383#0,test,relevant,1,10,7.177239418029785,1.0,0.0,1.0,1.0
4391031-0,dev,non_relevant,0,10,4.11417818069458,0.0,0.0,0.0,0.0
4392365#0,test,relevant,1,10,6.099696636199951,1.0,0.4144299250118475,0.8048099750039491,1.0
4394342-0,test,non_relevant,0,10,0.49038270115852356,0.0,0.0,0.0,0.0
439970-0,dev,non_relevant,0,10,-2.5326955318450928,0.0,0.0,0.0,0.0
4403294-0,test,non_relevant,0,10,-0.8278729915618896,0.0,0.0,0.0,0.0
440619-0,dev,non_relevant,0,10,4.222540378570557,0.0,0.0,0.0,0.0
4409513-0,dev,non_relevant,0,10,-0.3578873872756958,0.0,0.0,0.0,0.0
441351#0,test,relevant,1,10,4.728154182434082,0.8503449055347546,0.23719771276929622,0.38685280723454163,0.8503449055347546
441596-0,dev,non_relevant,0,10,3.3127479553222656,0.0,0.0,0.0,0.0
442118-0,dev,non_relevant,0,10,0.3451768755912781,0.0,0.0,0.0,0.0
4422206-0,test,non_relevant,0,10,4.690083980560303,0.0,0.0,0.0,0.0
443285-0,test,non_relevant,0,10,-3.5339221954345703,0.0,0.0,0.0,0.0
4433469-0,dev,non_relevant,0,10,8.116453170776367,0.0,0.0,0.0,0.0
4434607-0,test,non_relevant,0,10,-0.03755827993154526,0.0,0.0,0.0,0.0
4434610-0,test,non_relevant,0,10,5.52648401260376,0.0,0.0,0.0,0.0
4435443#0,test,relevant,1,10,5.9887261390686035,0.9558295932317544,0.0,0.4144299250118475,1.0
4441822#0,test,relevant,1,10,8.022445678710938,0.6366824387328317,0.6366824387328317,0.8318724637288826,0.8318724637288826
444673-0,dev,non_relevant,0,10,-1.1784075498580933,0.0,0.0,0.0,0.0
4448866-0,dev,non_relevant,0,10,5.141082763671875,0.0,0.0,0.0,0.0
444972-0,test,non_relevant,0,10,0.87071692943573,0.0,0.0,0.0,0.0
445160-0,dev,non_relevant,0,10,3.765183210372925,0.0,0.0,0.0,0.0
4452367-0,dev,non_relevant,0,10,1.9312249422073364,0.0,0.0,0.0,0.0
4452930-0,dev,non_relevant,0,10,-1.1863867044448853,0.0,0.0,0.0,0.0
4457598-0,test,non_relevant,0,10,4.4661054611206055,0.0,0.0,0.0,0.0
4457944-0,dev,non_relevant,0,10,0.7769472599029541,0.0,0.0,0.0,0.0
4466973-0,test,non_relevant,0,10,0.9912548065185547,0.0,0.0,0.0,0.0
4469232#0,test,relevant,1,10,4.434988021850586,1.0,0.6309297535714575,1.0,1.0
4469421-0,test,non_relevant,0,10,5.366154193878174,0.0,0.0,0.0,0.0
4470870-0,test,non_relevant,0,10,1.5361886024475098,0.0,0.0,0.0,0.0
4473164-0,test,non_relevant,0,10,0.9292310476303101,0.0,0.0,0.0,0.0
4485570#0,dev,relevant,1,10,6.5013628005981445,1.0,0.0,0.38364913903790027,1.0
4489294-0,test,non_relevant,0,10,0.5134825706481934,0.0,0.0,0.0,0.0
449053-0,dev,non_relevant,0,10,4.389963626861572,0.0,0.0,0.0,0.0
4491998-0,dev,non_relevant,0,10,4.811094760894775,0.0,0.0,0.0,0.0
44950-0,dev,non_relevant,0,10,3.392129898071289,0.0,0.0,0.0,0.0
44983#0,test,relevant,1,10,7.3927083015441895,1.0,0.2960819109658652,0.7653606369886217,1.0
449834#0,test,relevant,1,10,5.291036605834961,0.830419897363192,0.8539316501572937,0.830419897363192,1.0
4499262-0,test,non_relevant,0,10,-0.8221238255500793,0.0,0.0,0.0,0.0
45045-0,test,non_relevant,0,10,0.5562154650688171,0.0,0.0,0.0,0.0
4510484#0,test,relevant,1,10,6.4523491859436035,1.0,0.4703652827859579,0.6843515475204855,0.7227265726449519
451067-0,test,non_relevant,0,10,3.151317596435547,0.0,0.0,0.0,0.0
4516949-0,test,non_relevant,0,10,0.7658501863479614,0.0,0.0,0.0,0.0
4518882-0,test,non_relevant,0,10,0.7856392860412598,0.0,0.0,0.0,0.0
4520456-0,dev,non_relevant,0,10,3.54697847366333,0.0,0.0,0.0,0.0
452154-0,test,non_relevant,0,10,4.916548252105713,0.0,0.0,0.0,0.0
4523312-0,dev,non_relevant,0,10,1.8718870878219604,0.0,0.0,0.0,0.0
4523881-0,dev,non_relevant,0,10,5.4531755447387695,0.0,0.0,0.0,0.0
4529303#0,test,relevant,1,10,4.384450912475586,0.8318724637288826,0.3191471544989227,0.787702056960637,0.8318724637288826
4537096-0,test,non_relevant,0,10,2.1366488933563232,0.0,0.0,0.0,0.0
4537582-0,dev,non_relevant,0,10,1.495193362236023,0.0,0.0,0.0,0.0
454184-0,test,non_relevant,0,10,1.518476963043213,0.0,0.0,0.0,0.0
4542237#0,dev,relevant,1,10,7.422933101654053,0.5307212739772434,0.2960819109658652,0.49818925746641285,0.4367467095119258
4557280#0,test,relevant,1,10,5.181848526000977,1.0,1.0,1.0,1.0
4558665#0,test,relevant,1,10,5.027500629425049,0.7328286204777911,0.8529278650606567,0.9469024295259745,0.9060254355346823
4566650#0,dev,relevant,1,10,4.967176914215088,0.3065735963827292,0.3065735963827292,0.2640681225725909,0.9197207891481876
4567664#0,test,relevant,1,10,3.70127010345459,0.6240505200038379,0.0,0.3065735963827292,0.8772153153380493
4570796-0,dev,non_relevant,0,10,2.9651331901550293,0.0,0.0,0.0,0.0
4571201#0,test,relevant,1,10,4.977546691894531,0.8503449055347546,0.0,0.2640681225725909,0.9197207891481876
459494-0,test,non_relevant,0,10,2.8046011924743652,0.0,0.0,0.0,0.0
46137#0,test,relevant,1,10,2.1174278259277344,0.0,0.0,0.0,0.0
462357-0,dev,non_relevant,0,10,-0.2428455650806427,0.0,0.0,0.0,0.0
462897-0,test,non_relevant,0,10,-1.4544835090637207,0.0,0.0,0.0,0.0
463032-0,dev,non_relevant,0,10,5.499911308288574,0.0,0.0,0.0,0.0
464030-0,test,non_relevant,0,10,-4.7087602615356445,0.0,0.0,0.0,0.0
4643932#0,dev,relevant,1,10,3.672149658203125,1.0,0.0,0.6309297535714575,1.0
4645633-0,test,non_relevant,0,10,1.1648297309875488,0.0,0.0,0.0,0.0
4647809-0,dev,non_relevant,0,10,7.305688858032227,0.0,0.0,0.0,0.0
4648154-0,test,non_relevant,0,10,2.5232303142547607,0.0,0.0,0.0,0.0
46486-0,dev,non_relevant,0,10,0.770965576171875,0.0,0.0,0.0,0.0
4653446-0,test,non_relevant,0,10,4.884288787841797,0.0,0.0,0.0,0.0
4656338#0,test,relevant,1,10,4.334256649017334,0.5706417189553201,0.9197207891481876,0.6934264036172708,1.0
4657261-0,test,non_relevant,0,10,-4.225119590759277,0.0,0.0,0.0,0.0
4658269-0,dev,non_relevant,0,10,-1.1973053216934204,0.0,0.0,0.0,0.0
4659545-0,dev,non_relevant,0,10,4.060449123382568,0.0,0.0,0.0,0.0
4659549-0,test,non_relevant,0,10,-0.10577350854873657,0.0,0.0,0.0,0.0
4662506-0,test,non_relevant,0,10,2.5210158824920654,0.0,0.0,0.0,0.0
466472-0,test,non_relevant,0,10,6.417110443115234,0.0,0.0,0.0,0.0
4670416-0,dev,non_relevant,0,10,-3.5766189098358154,0.0,0.0,0.0,0.0
4671130#0,dev,relevant,1,10,8.785077095031738,1.0,1.0,1.0,1.0
4673599#0,test,relevant,1,10,3.496694564819336,0.38685280723454163,0.0,0.0,0.0
4673761-0,test,non_relevant,0,10,6.813379287719727,0.0,0.0,0.0,0.0
4675257-0,test,non_relevant,0,10,4.175647258758545,0.0,0.0,0.0,0.0
4675878#0,dev,relevant,1,10,5.491288185119629,1.0,0.0,0.43067655807339306,1.0
4679188-0,dev,non_relevant,0,10,2.6808242797851562,0.0,0.0,0.0,0.0
4687392-0,test,non_relevant,0,10,-1.7060916423797607,0.0,0.0,0.0,0.0
4688522-0,test,non_relevant,0,10,1.0713841915130615,0.0,0.0,0.0,0.0
4690218#0,dev,relevant,1,10,6.912416458129883,1.0,0.0,1.0,1.0
4699137#0,test,relevant,1,10,8.55562973022461,1.0,0.7039180890341347,0.9060254355346823,0.9674679834891693
4699610-0,test,non_relevant,0,10,1.3315238952636719,0.0,0.0,0.0,0.0
4707197-0,dev,non_relevant,0,10,-1.981464147567749,0.0,0.0,0.0,0.0
4711180-0,test,non_relevant,0,10,0.5688357949256897,0.0,0.0,0.0,0.0
4711213#0,test,relevant,1,9,3.5558135509490967,0.38685280723454163,0.6309297535714575,0.6309297535714575,0.38685280723454163
4711398#0,test,relevant,1,10,7.88930606842041,1.0,0.0,0.38685280723454163,1.0
4714933#0,dev,relevant,1,10,4.515338897705078,1.0,0.0,0.43067655807339306,1.0
4719587#0,test,relevant,1,10,3.570781946182251,1.0,0.0,0.8503449055347546,1.0
4720817-0,dev,non_relevant,0,10,5.160772323608398,0.0,0.0,0.0,0.0
4723713-0,test,non_relevant,0,10,2.187330722808838,0.0,0.0,0.0,0.0
4727896-0,dev,non_relevant,0,10,3.1194238662719727,0.0,0.0,0.0,0.0
4728137-0,test,non_relevant,0,10,1.5538151264190674,0.0,0.0,0.0,0.0
4735238#0,test,relevant,1,10,6.599708557128906,1.0,0.3065735963827292,0.8772153153380493,1.0
4735287-0,test,non_relevant,0,10,7.139316558837891,0.0,0.0,0.0,0.0
4745828-0,test,non_relevant,0,10,1.0841363668441772,0.0,0.0,0.0,0.0
4759397-0,test,non_relevant,0,10,0.9175193905830383,0.0,0.0,0.0,0.0
4760129#0,test,relevant,1,10,3.4366798400878906,0.7328286204777911,0.6508205185601091,0.9469024295259745,0.9674679834891693
4761332-0,dev,non_relevant,0,10,4.633625507354736,0.0,0.0,0.0,0.0
4761770#0,test,relevant,1,10,3.126570224761963,0.5,0.5,0.6309297535714575,1.0
4763116-0,dev,non_relevant,0,10,3.8866944313049316,0.0,0.0,0.0,0.0
476589#0,test,relevant,1,10,6.878795146942139,0.8854598815714874,0.20210734650054757,0.7653606369886217,0.5307212739772434
4769963#0,test,relevant,1,10,7.019775390625,1.0,0.5,0.6309297535714575,1.0
4775026-0,dev,non_relevant,0,10,3.596879720687866,0.0,0.0,0.0,0.0
4777953-0,dev,non_relevant,0,10,3.4577548503875732,0.0,0.0,0.0,0.0
4777961-0,dev,non_relevant,0,10,6.57792329788208,0.0,0.0,0.0,0.0
4782641#0,dev,relevant,1,10,7.176186561584473,1.0,0.7365896932159578,0.9828920819566879,1.0
4782883-0,test,non_relevant,0,10,2.3538293838500977,0.0,0.0,0.0,0.0
4783646-0,test,non_relevant,0,10,-1.31795072555542,0.0,0.0,0.0,0.0
4784787-0,dev,non_relevant,0,10,-0.6904875040054321,0.0,0.0,0.0,0.0
478483#0,test,relevant,1,10,3.9046568870544434,0.38685280723454163,1.0,0.6309297535714575,0.5
478675-0,dev,non_relevant,0,10,5.823788166046143,0.0,0.0,0.0,0.0
4790913-0,test,non_relevant,0,10,5.854001522064209,0.0,0.0,0.0,0.0
4792046-0,test,non_relevant,0,10,-1.5866798162460327,0.0,0.0,0.0,0.0
4793919-0,test,non_relevant,0,10,3.6093883514404297,0.0,0.0,0.0,0.0
4794258#0,test,relevant,1,10,7.555227756500244,0.9197207891481876,0.6509209298071326,1.0,1.0
4796765-0,test,non_relevant,0,10,4.578065872192383,0.0,0.0,0.0,0.0
4798446-0,test,non_relevant,0,10,3.398517370223999,0.0,0.0,0.0,0.0
4798684#0,test,relevant,1,10,4.417464256286621,1.0,0.0,0.6309297535714575,1.0
4798771-0,dev,non_relevant,0,10,-0.04338517785072327,0.0,0.0,0.0,0.0
4800555#0,dev,relevant,1,10,6.581777095794678,1.0,1.0,1.0,1.0
4801289-0,dev,non_relevant,0,10,3.754581928253174,0.0,0.0,0.0,0.0
4804988-0,test,non_relevant,0,10,3.5360851287841797,0.0,0.0,0.0,0.0
4805231#0,dev,relevant,1,10,4.519756317138672,0.7653606369886217,0.7328286204777911,0.9469024295259745,0.7039180890341347
4807731#0,dev,relevant,1,10,0.29663795232772827,1.0,0.0,0.38685280723454163,1.0
4808471#0,test,relevant,1,10,4.657943248748779,1.0,0.6309297535714575,1.0,1.0
4809394-0,dev,non_relevant,0,10,3.034061908721924,0.0,0.0,0.0,0.0
4810345-0,test,non_relevant,0,10,2.783942222595215,0.0,0.0,0.0,0.0
4810655-0,test,non_relevant,0,10,2.0448319911956787,0.0,0.0,0.0,0.0
4811783-0,test,non_relevant,0,10,2.3534483909606934,0.0,0.0,0.0,0.0
4818008#0,dev,relevant,1,10,5.560887336730957,0.5531464700081437,0.7227265726449519,0.7860137352654724,0.639945385422766
4819930-0,test,non_relevant,0,10,1.864159107208252,0.0,0.0,0.0,0.0
4844218-0,test,non_relevant,0,10,3.38131046295166,0.0,0.0,0.0,0.0
4844254-0,dev,non_relevant,0,10,-0.09237760305404663,0.0,0.0,0.0,0.0
4849135-0,test,non_relevant,0,10,3.285423755645752,0.0,0.0,0.0,0.0
4850848-0,dev,non_relevant,0,10,2.659219980239868,0.0,0.0,0.0,0.0
4854553#0,dev,relevant,1,10,8.411645889282227,0.43067655807339306,1.0,1.0,1.0
4854771-0,dev,non_relevant,0,10,0.5891704559326172,0.0,0.0,0.0,0.0
4854875#0,test,relevant,1,9,6.631669044494629,1.0,1.0,1.0,1.0
4866279-0,test,non_relevant,0,10,1.972843885421753,0.0,0.0,0.0,0.0
486854-0,dev,non_relevant,0,10,6.199357986450195,0.0,0.0,0.0,0.0
4869224-0,test,non_relevant,0,10,4.520784378051758,0.0,0.0,0.0,0.0
48760#0,test,relevant,1,10,4.126083850860596,0.38685280723454163,0.5,0.43067655807339306,0.6309297535714575
487603#0,test,relevant,1,10,3.884626865386963,1.0,0.38685280723454163,0.6309297535714575,0.6309297535714575
4878098-0,test,non_relevant,0,10,-0.49562686681747437,0.0,0.0,0.0,0.0
4878183#0,test,relevant,1,10,3.5341970920562744,1.0,0.5012658353418871,0.9197207891481876,0.9197207891481876
4878405#0,test,relevant,1,9,9.014989852905273,1.0,0.4703652827859579,0.7227265726449519,1.0
487851-0,test,non_relevant,0,10,3.573265552520752,0.0,0.0,0.0,0.0
48839-0,test,non_relevant,0,10,3.988800048828125,0.0,0.0,0.0,0.0
4888957#0,test,relevant,1,10,0.6771975755691528,0.8772153153380493,0.3065735963827292,0.38685280723454163,0.8503449055347546
4895#0,dev,relevant,1,10,4.30780029296875,1.0,0.38356636737133565,0.8539316501572937,0.8687949224876582
490649#0,test,relevant,1,10,6.936458587646484,0.9674679834891693,0.23463936301137822,0.7039180890341347,0.9469024295259745
4920504-0,dev,non_relevant,0,10,0.20502929389476776,0.0,0.0,0.0,0.0
492229#0,dev,relevant,1,10,3.1046066284179688,0.6309297535714575,0.6309297535714575,0.6309297535714575,0.5
4922415#0,test,relevant,1,10,6.468181610107422,0.5307212739772434,0.46927872602275644,0.49818925746641285,0.5307212739772434
493461-0,test,non_relevant,0,10,7.258543014526367,0.0,0.0,0.0,0.0
4935375-0,test,non_relevant,0,10,4.662308216094971,0.0,0.0,0.0,0.0
4935676-0,test,non_relevant,0,10,5.923256874084473,0.0,0.0,0.0,0.0
494116#0,test,relevant,1,10,3.8847477436065674,0.43067655807339306,0.0,0.0,0.0
494193-0,dev,non_relevant,0,10,3.5816125869750977,0.0,0.0,0.0,0.0
494320-0,test,non_relevant,0,10,3.7199225425720215,0.0,0.0,0.0,0.0
4943411#0,dev,relevant,1,10,6.022179126739502,0.8503449055347546,0.3065735963827292,0.8503449055347546,0.8772153153380493
4946100#0,dev,relevant,1,10,6.733884334564209,0.6509209298071326,0.2640681225725909,0.5437713091520254,0.6934264036172708
4947733-0,dev,non_relevant,0,10,2.291438579559326,0.0,0.0,0.0,0.0
4950500-0,dev,non_relevant,0,10,4.361619472503662,0.0,0.0,0.0,0.0
4952417#0,dev,relevant,1,10,4.842221260070801,0.9197207891481876,0.5706417189553201,0.9197207891481876,0.9197207891481876
4956854-0,test,non_relevant,0,10,-2.3769729137420654,0.0,0.0,0.0,0.0
4962849-0,test,non_relevant,0,10,3.1174392700195312,0.0,0.0,0.0,0.0
49647#0,dev,relevant,1,10,1.7068474292755127,0.6309297535714575,0.0,0.5,1.0
4966889#0,test,relevant,1,10,5.383742809295654,0.6309297535714575,0.5,0.5,1.0
4969684-0,test,non_relevant,0,10,1.0732805728912354,0.0,0.0,0.0,0.0
49709-0,test,non_relevant,0,10,1.216606616973877,0.0,0.0,0.0,0.0
4972338#0,dev,relevant,1,10,5.378875255584717,1.0,0.23719771276929622,0.6240505200038379,1.0
4973996#0,test,relevant,1,10,8.075233459472656,1.0,1.0,1.0,1.0
4974210-0,test,non_relevant,0,10,2.105682849884033,0.0,0.0,0.0,0.0
497907-0,test,non_relevant,0,10,3.220824718475342,0.0,0.0,0.0,0.0
498864#0,test,relevant,1,10,6.142924785614014,0.5,1.0,0.6309297535714575,0.5
499348#0,test,relevant,1,10,9.841550827026367,0.8318724637288826,0.8318724637288826,0.8318724637288826,1.0
4999699-0,dev,non_relevant,0,10,-0.7306276559829712,0.0,0.0,0.0,0.0
500277-0,dev,non_relevant,0,10,2.753795623779297,0.0,0.0,0.0,0.0
5003231#0,test,relevant,1,10,5.009613513946533,0.5,0.6309297535714575,1.0,0.6309297535714575
500795-0,dev,non_relevant,0,10,1.5311834812164307,0.0,0.0,0.0,0.0
5011428-0,test,non_relevant,0,10,2.401951789855957,0.0,0.0,0.0,0.0
5011501#0,test,relevant,1,10,7.295293807983398,1.0,0.6309297535714575,0.6309297535714575,1.0
501440-0,test,non_relevant,0,10,2.9860615730285645,0.0,0.0,0.0,0.0
5022653#0,test,relevant,1,10,6.054849624633789,1.0,0.4776237035032179,0.7039180890341347,0.9674679834891693
502340-0,dev,non_relevant,0,10,0.522775411605835,0.0,0.0,0.0,0.0
502555#0,test,relevant,1,10,6.211523056030273,0.75369761125927,0.5413996682199069,0.5855700749881525,0.8318724637288826
502571-0,test,non_relevant,0,10,2.9097824096679688,0.0,0.0,0.0,0.0
502640-0,test,non_relevant,0,10,-1.2845512628555298,0.0,0.0,0.0,0.0
5028399#0,test,relevant,1,10,6.744117736816406,1.0,0.4912596920895758,0.830419897363192,0.6992148198508501
5028923#0,dev,relevant,1,10,6.476866722106934,0.6934264036172708,0.0,0.3065735963827292,0.5437713091520254
5031315-0,test,non_relevant,0,10,6.471342086791992,0.0,0.0,0.0,0.0
5031414-0,test,non_relevant,0,10,1.5843621492385864,0.0,0.0,0.0,0.0
5035053-0,dev,non_relevant,0,10,3.113546848297119,0.0,0.0,0.0,0.0
5035061-0,test,non_relevant,0,10,5.137812614440918,0.0,0.0,0.0,0.0
5035128-0,test,non_relevant,0,10,6.009591102600098,0.0,0.0,0.0,0.0
5040038-0,test,non_relevant,0,10,4.2346014976501465,0.0,0.0,0.0,0.0
5040178-0,dev,non_relevant,0,10,4.533719062805176,0.0,0.0,0.0,0.0
5043-0,test,non_relevant,0,10,-0.30501627922058105,0.0,0.0,0.0,0.0
5043970#0,test,relevant,1,10,4.634823322296143,1.0,0.6309297535714575,1.0,1.0
5046950-0,test,non_relevant,0,10,3.405369758605957,0.0,0.0,0.0,0.0
5048699#0,dev,relevant,1,10,3.623270034790039,0.5,1.0,1.0,0.6309297535714575
5052759-0,dev,non_relevant,0,10,3.860363006591797,0.0,0.0,0.0,0.0
5053621#0,test,relevant,1,10,6.338178634643555,0.787702056960637,0.3191471544989227,0.75369761125927,0.9047172294870751
5054545-0,test,non_relevant,0,10,6.474218368530273,0.0,0.0,0.0,0.0
5054916#0,test,relevant,1,10,5.441507816314697,0.43067655807339306,1.0,1.0,0.43067655807339306
5055139-0,test,non_relevant,0,10,2.271270751953125,0.0,0.0,0.0,0.0
505717-0,test,non_relevant,0,10,-1.735527515411377,0.0,0.0,0.0,0.0
5057268#0,test,relevant,1,10,5.962210655212402,0.6366824387328317,0.3973220069685352,0.5585075862632192,0.9828920819566879
5057774#0,dev,relevant,1,10,7.341540336608887,1.0,1.0,1.0,1.0
5058920-0,dev,non_relevant,0,10,2.4335360527038574,0.0,0.0,0.0,0.0
5064041-0,dev,non_relevant,0,10,1.5514923334121704,0.0,0.0,0.0,0.0
5066612-0,test,non_relevant,0,10,2.4963021278381348,0.0,0.0,0.0,0.0
5067235-0,test,non_relevant,0,10,1.324272632598877,0.0,0.0,0.0,0.0
506820#0,dev,relevant,1,10,3.9145355224609375,1.0,0.43067655807339306,0.6309297535714575,0.0
5068417#0,dev,relevant,1,10,6.379696369171143,0.592512031964586,0.16812753627111746,0.15101961822780524,0.36331756126716835
5073576#0,dev,relevant,1,9,4.684327125549316,0.6934264036172708,0.6131471927654584,0.6509209298071326,1.0
5074590#0,test,relevant,1,10,4.125062942504883,0.4912596920895758,0.30078518014914984,0.34519134224686937,0.5147714448836774
5076275#0,test,relevant,1,10,4.376524925231934,0.639945385422766,0.5087403079104241,0.5531464700081437,0.7227265726449519
5077630#0,test,relevant,1,10,4.590542316436768,0.6309297535714575,0.0,0.5,0.6309297535714575
5079265-0,dev,non_relevant,0,10,3.360945701599121,0.0,0.0,0.0,0.0
5079317-0,dev,non_relevant,0,10,-1.5667791366577148,0.0,0.0,0.0,0.0
5079879-0,dev,non_relevant,0,10,-0.668411374092102,0.0,0.0,0.0,0.0
5084940-0,test,non_relevant,0,10,0.8826525211334229,0.0,0.0,0.0,0.0
5091938-0,test,non_relevant,0,10,0.09276307374238968,0.0,0.0,0.0,0.0
5094050-0,dev,non_relevant,0,10,5.381025314331055,0.0,0.0,0.0,0.0
5095369-0,dev,non_relevant,0,10,2.9435906410217285,0.0,0.0,0.0,0.0
509605-0,dev,non_relevant,0,10,1.1100646257400513,0.0,0.0,0.0,0.0
509765#0,dev,relevant,1,10,4.216307163238525,0.7227265726449519,0.6164336326286644,0.639945385422766,0.8539316501572937
510366-0,dev,non_relevant,0,10,3.911585569381714,0.0,0.0,0.0,0.0
5107732-0,test,non_relevant,0,10,2.943178176879883,0.0,0.0,0.0,0.0
5107977-0,dev,non_relevant,0,10,5.0739240646362305,0.0,0.0,0.0,0.0
5108337-0,test,non_relevant,0,10,2.1837329864501953,0.0,0.0,0.0,0.0
511807#0,test,relevant,1,10,3.6107029914855957,0.0,1.0,0.0,1.0
512446-0,dev,non_relevant,0,10,1.727913737297058,0.0,0.0,0.0,0.0
5131489-0,dev,non_relevant,0,10,2.9112133979797363,0.0,0.0,0.0,0.0
513180-0,test,non_relevant,0,10,1.3306858539581299,0.0,0.0,0.0,0.0
513224-0,dev,non_relevant,0,10,2.812432289123535,0.0,0.0,0.0,0.0
513727-0,dev,non_relevant,0,10,2.52994441986084,0.0,0.0,0.0,0.0
514271-0,dev,non_relevant,0,10,-2.2509918212890625,0.0,0.0,0.0,0.0
51458#0,test,relevant,1,10,3.253678321838379,0.8772153153380493,0.3065735963827292,0.6131471927654584,0.9197207891481876
514761-0,dev,non_relevant,0,10,1.8681021928787231,0.0,0.0,0.0,0.0
514868#0,test,relevant,1,10,5.821681022644043,0.9197207891481876,0.6131471927654584,0.9197207891481876,1.0
5153437#0,test,relevant,1,10,7.073363780975342,0.8539316501572937,0.5147714448836774,0.6608397947263839,0.830419897363192
515602-0,dev,non_relevant,0,10,3.4089252948760986,0.0,0.0,0.0,0.0
5156310#0,dev,relevant,1,10,2.4631638526916504,0.6309297535714575,1.0,1.0,0.0
5159210-0,test,non_relevant,0,10,2.2372071743011475,0.0,0.0,0.0,0.0
515933-0,dev,non_relevant,0,10,3.0897631645202637,0.0,0.0,0.0,0.0
5160653#0,test,relevant,1,10,2.5136001110076904,1.0,0.2640681225725909,1.0,1.0
5160897-0,dev,non_relevant,0,10,4.383848667144775,0.0,0.0,0.0,0.0
5170774-0,dev,non_relevant,0,10,4.993049621582031,0.0,0.0,0.0,0.0
5172645#0,dev,relevant,1,10,5.0354228019714355,0.6934264036172708,0.23719771276929622,0.6240505200038379,0.6934264036172708
5175023#0,test,relevant,1,10,3.956613063812256,0.6309297535714575,0.0,0.38685280723454163,1.0
517910#0,test,relevant,1,10,1.2210665941238403,1.0,0.38685280723454163,0.6309297535714575,0.6309297535714575
5179271-0,test,non_relevant,0,10,-0.7047879099845886,0.0,0.0,0.0,0.0
5180171-0,test,non_relevant,0,10,2.0050759315490723,0.0,0.0,0.0,0.0
5181064#0,test,relevant,1,10,6.134887218475342,0.7039180890341347,0.8854598815714874,0.7653606369886217,1.0
5181137-0,test,non_relevant,0,10,2.097489356994629,0.0,0.0,0.0,0.0
518230#0,test,relevant,1,10,5.064713478088379,0.7653606369886217,0.41618115554873086,0.5307212739772434,0.7653606369886217
518277#0,dev,relevant,1,10,4.875179290771484,0.9197207891481876,0.0,0.38685280723454163,0.8772153153380493
5183468#0,test,relevant,1,10,4.234516143798828,0.0,0.6309297535714575,0.5,1.0
5183861#0,test,relevant,1,10,10.286805152893066,0.6309297535714575,0.43067655807339306,0.6309297535714575,1.0
5186028#0,test,relevant,1,10,4.789207458496094,1.0,0.38685280723454163,1.0,1.0
5186056-0,dev,non_relevant,0,10,2.1494855880737305,0.0,0.0,0.0,0.0
5186916-0,dev,non_relevant,0,10,4.4458441734313965,0.0,0.0,0.0,0.0
5187134#0,dev,relevant,1,10,7.741624355316162,0.9197207891481876,0.6131471927654584,0.9197207891481876,1.0
5187351-0,test,non_relevant,0,10,3.8294286727905273,0.0,0.0,0.0,0.0
5188801#0,dev,relevant,1,10,6.057514190673828,0.639945385422766,0.5087403079104241,0.6843515475204855,0.8539316501572937
5189039#0,test,relevant,1,10,5.959970474243164,1.0,0.5307212739772434,0.7653606369886217,1.0
5189483-0,test,non_relevant,0,10,5.133395195007324,0.0,0.0,0.0,0.0
5190276-0,dev,non_relevant,0,10,3.7092761993408203,0.0,0.0,0.0,0.0
5190554-0,test,non_relevant,0,10,2.1967692375183105,0.0,0.0,0.0,0.0
5191863-0,dev,non_relevant,0,10,-2.827758550643921,0.0,0.0,0.0,0.0
519272-0,test,non_relevant,0,10,-0.036836184561252594,0.0,0.0,0.0,0.0
5192942#0,test,relevant,1,10,6.240791320800781,0.8529278650606567,0.7653606369886217,0.7039180890341347,0.9674679834891693
5193254-0,test,non_relevant,0,10,1.1963359117507935,0.0,0.0,0.0,0.0
5193809-0,dev,non_relevant,0,10,0.1730586290359497,0.0,0.0,0.0,0.0
5193921-0,dev,non_relevant,0,10,6.0713090896606445,0.0,0.0,0.0,0.0
5194157-0,test,non_relevant,0,10,0.6765713691711426,0.0,0.0,0.0,0.0
5195099-0,dev,non_relevant,0,10,-0.21928216516971588,0.0,0.0,0.0,0.0
5195731-0,dev,non_relevant,0,10,2.9708943367004395,0.0,0.0,0.0,0.0
519775#0,test,relevant,1,9,3.5173397064208984,1.0,0.6309297535714575,0.6309297535714575,1.0
5199829#0,test,relevant,1,10,4.638796806335449,0.6309297535714575,0.38685280723454163,0.6309297535714575,1.0
5200775-0,test,non_relevant,0,10,0.20696617662906647,0.0,0.0,0.0,0.0
520082-0,test,non_relevant,0,10,3.6761667728424072,0.0,0.0,0.0,0.0
5202992-0,dev,non_relevant,0,10,-2.644637107849121,0.0,0.0,0.0,0.0
5204223-0,test,non_relevant,0,10,5.036013603210449,0.0,0.0,0.0,0.0
5207007-0,dev,non_relevant,0,10,6.583226203918457,0.0,0.0,0.0,0.0
5207642#0,test,relevant,1,10,6.604662895202637,1.0,0.46927872602275644,0.8529278650606567,1.0
5209343-0,dev,non_relevant,0,10,-2.63767147064209,0.0,0.0,0.0,0.0
521477-0,test,non_relevant,0,10,4.420690536499023,0.0,0.0,0.0,0.0
5216057-0,test,non_relevant,0,10,2.7260069847106934,0.0,0.0,0.0,0.0
5216220#0,dev,relevant,1,10,0.4901740252971649,0.0,0.0,0.0,0.5
5217363-0,dev,non_relevant,0,10,1.6379295587539673,0.0,0.0,0.0,0.0
5217497-0,test,non_relevant,0,10,2.7771682739257812,0.0,0.0,0.0,0.0
5218095-0,test,non_relevant,0,10,-0.7418506145477295,0.0,0.0,0.0,0.0
5218718-0,test,non_relevant,0,10,2.946953058242798,0.0,0.0,0.0,0.0
5219602#0,dev,relevant,1,10,7.553117752075195,1.0,1.0,1.0,1.0
5219638-0,dev,non_relevant,0,10,2.1013972759246826,0.0,0.0,0.0,0.0
5219830-0,test,non_relevant,0,10,4.079040050506592,0.0,0.0,0.0,0.0
5220858#0,test,relevant,1,10,7.061282157897949,1.0,0.0,0.43067655807339306,1.0
5224338-0,test,non_relevant,0,10,7.762162208557129,0.0,0.0,0.0,0.0
5224777-0,test,non_relevant,0,10,2.1915876865386963,0.0,0.0,0.0,0.0
522832-0,test,non_relevant,0,10,1.014695167541504,0.0,0.0,0.0,0.0
5231663-0,test,non_relevant,0,10,4.736301422119141,0.0,0.0,0.0,0.0
52334-0,test,non_relevant,0,10,3.043423891067505,0.0,0.0,0.0,0.0
5233882-0,test,non_relevant,0,10,4.8717451095581055,0.0,0.0,0.0,0.0
5233990#0,test,relevant,1,10,6.838171005249023,1.0,0.0,0.6934264036172708,1.0
5239152-0,dev,non_relevant,0,10,2.3259224891662598,0.0,0.0,0.0,0.0
5239761-0,test,non_relevant,0,10,-2.176429510116577,0.0,0.0,0.0,0.0
524302#0,dev,relevant,1,10,7.189786911010742,1.0,0.0,0.5437713091520254,1.0
5246541-0,test,non_relevant,0,10,-1.5457719564437866,0.0,0.0,0.0,0.0
5247560-0,test,non_relevant,0,10,2.4246950149536133,0.0,0.0,0.0,0.0
5247811#0,test,relevant,1,10,0.6970442533493042,0.6309297535714575,0.0,0.38685280723454163,1.0
5248690-0,test,non_relevant,0,10,6.523414134979248,0.0,0.0,0.0,0.0
5249040-0,test,non_relevant,0,10,-4.19277286529541,0.0,0.0,0.0,0.0
524973#0,test,relevant,1,10,7.843033313751221,1.0,0.0,0.6131471927654584,0.9197207891481876
5250835-0,test,non_relevant,0,10,-0.10361120849847794,0.0,0.0,0.0,0.0
5251465-0,dev,non_relevant,0,10,-1.2694860696792603,0.0,0.0,0.0,0.0
5251852#0,test,relevant,1,10,6.995010852813721,1.0,0.5437713091520254,1.0,0.8503449055347546
5253-0,test,non_relevant,0,10,1.3156616687774658,0.0,0.0,0.0,0.0
5255424-0,test,non_relevant,0,10,2.4432406425476074,0.0,0.0,0.0,0.0
5255998-0,dev,non_relevant,0,10,3.1186835765838623,0.0,0.0,0.0,0.0
5256120-0,dev,non_relevant,0,10,0.7657654285430908,0.0,0.0,0.0,0.0
525619#0,test,relevant,1,10,3.348982810974121,1.0,0.0,0.5,1.0
525637-0,test,non_relevant,0,10,3.9893641471862793,0.0,0.0,0.0,0.0
5257534-0,test,non_relevant,0,10,2.539494037628174,0.0,0.0,0.0,0.0
525808-0,test,non_relevant,0,10,4.187884330749512,0.0,0.0,0.0,0.0
525957-0,test,non_relevant,0,10,4.024964332580566,0.0,0.0,0.0,0.0
526006-0,dev,non_relevant,0,10,3.337824821472168,0.0,0.0,0.0,0.0
5261367-0,test,non_relevant,0,10,2.3593990802764893,0.0,0.0,0.0,0.0
526143-0,dev,non_relevant,0,10,0.45904263854026794,0.0,0.0,0.0,0.0
5264593-0,dev,non_relevant,0,10,2.4859397411346436,0.0,0.0,0.0,0.0
527564#0,test,relevant,1,10,7.660395622253418,1.0,0.8503449055347546,1.0,1.0
5276085#0,test,relevant,1,10,1.2430542707443237,1.0,0.5012658353418871,1.0,0.9197207891481876
5276149#0,test,relevant,1,10,8.764644622802734,0.9674679834891693,0.18154179253735267,0.49818925746641285,1.0
5276434#0,test,relevant,1,10,7.497966289520264,1.0,1.0,1.0,1.0
5277888-0,test,non_relevant,0,10,4.659701824188232,0.0,0.0,0.0,0.0
5280169#0,dev,relevant,1,10,5.9901580810546875,1.0,0.5,0.6309297535714575,1.0
5280502-0,test,non_relevant,0,10,6.317241668701172,0.0,0.0,0.0,0.0
5281126#0,dev,relevant,1,10,6.662795066833496,0.9197207891481876,0.5437713091520254,1.0,0.8772153153380493
5281981-0,dev,non_relevant,0,10,5.4729413986206055,0.0,0.0,0.0,0.0
5282213-0,dev,non_relevant,0,10,4.530269622802734,0.0,0.0,0.0,0.0
5282503-0,test,non_relevant,0,10,1.341567873954773,0.0,0.0,0.0,0.0
528324-0,dev,non_relevant,0,10,2.125257968902588,0.0,0.0,0.0,0.0
5284625-0,test,non_relevant,0,10,-1.80443274974823,0.0,0.0,0.0,0.0
5286118#0,dev,relevant,1,10,3.2000930309295654,0.15101961822780524,0.6366824387328317,0.34620964322385606,0.36331756126716835
5289389#0,test,relevant,1,10,7.192694664001465,0.3065735963827292,0.0,0.2640681225725909,0.6509209298071326
5290474-0,test,non_relevant,0,10,-0.7577328681945801,0.0,0.0,0.0,0.0
5290723#0,test,relevant,1,10,4.987189292907715,0.23719771276929622,0.3065735963827292,0.38685280723454163,0.8772153153380493
5290725-0,dev,non_relevant,0,10,8.299022674560547,0.0,0.0,0.0,0.0
5293794-0,test,non_relevant,0,10,1.013841986656189,0.0,0.0,0.0,0.0
5296907#0,test,relevant,1,10,8.38467788696289,1.0,0.43067655807339306,1.0,1.0
529930-0,test,non_relevant,0,10,5.903217792510986,0.0,0.0,0.0,0.0
5299847-0,dev,non_relevant,0,10,0.9513218402862549,0.0,0.0,0.0,0.0
5301663-0,dev,non_relevant,0,10,6.45633602142334,0.0,0.0,0.0,0.0
5302798-0,test,non_relevant,0,10,3.0663297176361084,0.0,0.0,0.0,0.0
5304336#0,dev,relevant,1,10,2.653407573699951,1.0,0.5,1.0,1.0
5304829-0,dev,non_relevant,0,10,1.8267724514007568,0.0,0.0,0.0,0.0
5307521-0,dev,non_relevant,0,10,0.5777521729469299,0.0,0.0,0.0,0.0
5307651-0,dev,non_relevant,0,10,1.3486154079437256,0.0,0.0,0.0,0.0
5309140#0,test,relevant,1,10,5.779256820678711,0.0,0.0,0.0,0.0
5310361#0,test,relevant,1,10,7.988365650177002,1.0,0.38685280723454163,0.9197207891481876,1.0
5311169-0,dev,non_relevant,0,10,5.956643104553223,0.0,0.0,0.0,0.0
5311287-0,test,non_relevant,0,10,-1.9693901538848877,0.0,0.0,0.0,0.0
5314368-0,test,non_relevant,0,10,3.7044007778167725,0.0,0.0,0.0,0.0
5315706-0,dev,non_relevant,0,10,4.040726184844971,0.0,0.0,0.0,0.0
5317888#0,dev,relevant,1,10,4.594648838043213,0.49818925746641285,0.46927872602275644,0.5307212739772434,0.7653606369886217
5318934#0,test,relevant,1,10,9.540510177612305,1.0,1.0,1.0,0.8687949224876582
53190-0,test,non_relevant,0,10,-3.487628698348999,0.0,0.0,0.0,0.0
531903#0,test,relevant,1,10,7.853180885314941,0.38685280723454163,0.5,0.6309297535714575,0.5
5319358-0,test,non_relevant,0,10,7.481738090515137,0.0,0.0,0.0,0.0
5323490-0,dev,non_relevant,0,10,-0.2102656215429306,0.0,0.0,0.0,0.0
532657-0,test,non_relevant,0,10,0.25150129199028015,0.0,0.0,0.0,0.0
533335-0,test,non_relevant,0,10,0.9194136261940002,0.0,0.0,0.0,0.0
5339227-0,dev,non_relevant,0,10,3.5379507541656494,0.0,0.0,0.0,0.0
5346618-0,test,non_relevant,0,10,1.5739226341247559,0.0,0.0,0.0,0.0
534920-0,test,non_relevant,0,10,-3.342144250869751,0.0,0.0,0.0,0.0
535187#0,dev,relevant,1,10,4.349550247192383,1.0,0.0,0.9197207891481876,1.0
5351984-0,dev,non_relevant,0,10,1.3742496967315674,0.0,0.0,0.0,0.0
5352155-0,test,non_relevant,0,10,0.9653172492980957,0.0,0.0,0.0,0.0
535277#0,test,relevant,1,10,7.58727502822876,0.6509209298071326,0.23719771276929622,0.3065735963827292,0.9197207891481876
5355766-0,test,non_relevant,0,10,2.7972793579101562,0.0,0.0,0.0,0.0
5359842-0,test,non_relevant,0,10,1.8066918849945068,0.0,0.0,0.0,0.0
536321#0,test,relevant,1,10,5.161462306976318,1.0,0.0,0.8503449055347546,1.0
5364326-0,test,non_relevant,0,10,0.7034170031547546,0.0,0.0,0.0,0.0
5364445#0,test,relevant,1,10,4.258983135223389,1.0,0.6309297535714575,1.0,0.6309297535714575
536479#0,test,relevant,1,10,6.287718296051025,0.43067655807339306,0.38685280723454163,0.5,0.5
5369472#0,test,relevant,1,9,5.630230903625488,0.6164336326286644,0.8539316501572937,0.830419897363192,0.5147714448836774
53703-0,dev,non_relevant,0,10,2.889317512512207,0.0,0.0,0.0,0.0
5373229#0,dev,relevant,1,10,2.6913528442382812,0.0,0.6309297535714575,1.0,0.0
5374478-0,dev,non_relevant,0,10,7.221735000610352,0.0,0.0,0.0,0.0
5374928-0,dev,non_relevant,0,10,4.9210205078125,0.0,0.0,0.0,0.0
5376173#0,dev,relevant,1,8,3.150747299194336,1.0,0.46927872602275644,0.9469024295259745,0.7328286204777911
5383790#0,test,relevant,1,10,4.851307392120361,0.8687949224876582,0.6843515475204855,0.830419897363192,1.0
538457-0,dev,non_relevant,0,10,5.7592267990112305,0.0,0.0,0.0,0.0
5386749#0,test,relevant,1,10,5.943769454956055,0.9197207891481876,0.3065735963827292,0.8772153153380493,0.9197207891481876
538679#0,test,relevant,1,10,6.106827735900879,0.8503449055347546,0.2640681225725909,0.6509209298071326,1.0
5387811-0,test,non_relevant,0,10,6.417036533355713,0.0,0.0,0.0,0.0
5388624-0,test,non_relevant,0,10,2.8253602981567383,0.0,0.0,0.0,0.0
5389258#0,dev,relevant,1,10,8.765569686889648,0.9674679834891693,0.6508205185601091,0.8854598815714874,0.9674679834891693
5389610-0,dev,non_relevant,0,10,2.1441996097564697,0.0,0.0,0.0,0.0
5392225-0,test,non_relevant,0,10,3.3500771522521973,0.0,0.0,0.0,0.0
5392950#0,test,relevant,1,10,7.371415615081787,1.0,1.0,1.0,1.0
539683#0,test,relevant,1,10,4.894504547119141,0.7606395682357036,0.8048099750039491,0.9047172294870751,0.8048099750039491
5397060-0,test,non_relevant,0,10,1.4063060283660889,0.0,0.0,0.0,0.0
539926-0,test,non_relevant,0,10,0.6109193563461304,0.0,0.0,0.0,0.0
5401198#0,dev,relevant,1,10,3.486220359802246,0.0,0.0,0.0,0.43067655807339306
5403132-0,test,non_relevant,0,10,2.9331181049346924,0.0,0.0,0.0,0.0
5403482#0,test,relevant,1,10,7.553924560546875,0.6509209298071326,0.0,0.5012658353418871,0.8503449055347546
5405702-0,test,non_relevant,0,10,-0.6934148073196411,0.0,0.0,0.0,0.0
5406477#0,test,relevant,1,10,7.722186088562012,1.0,0.2640681225725909,0.9197207891481876,1.0
540807#0,dev,relevant,1,10,7.067983150482178,0.9197207891481876,0.0,0.6509209298071326,1.0
5408091-0,test,non_relevant,0,10,4.137893199920654,0.0,0.0,0.0,0.0
5408553#0,test,relevant,1,10,5.843570709228516,1.0,1.0,1.0,1.0
541005#0,test,relevant,1,10,3.448479652404785,1.0,0.6713860725233041,1.0,0.9674679834891693
5411134-0,dev,non_relevant,0,10,1.9375602006912231,0.0,0.0,0.0,0.0
5411334-0,test,non_relevant,0,10,-3.1310341358184814,0.0,0.0,0.0,0.0
541218-0,test,non_relevant,0,10,4.708263397216797,0.0,0.0,0.0,0.0
5412955#0,test,relevant,1,10,5.600854873657227,1.0,0.8687949224876582,1.0,1.0
5413238-0,test,non_relevant,0,10,4.195277214050293,0.0,0.0,0.0,0.0
5413527#0,test,relevant,1,10,2.9999518394470215,1.0,0.38364913903790027,0.7122630665145961,0.9060254355346823
5416805-0,dev,non_relevant,0,10,1.0702139139175415,0.0,0.0,0.0,0.0
5417000-0,test,non_relevant,0,10,1.009124517440796,0.0,0.0,0.0,0.0
5417958-0,test,non_relevant,0,10,-2.7380552291870117,0.0,0.0,0.0,0.0
5418596-0,dev,non_relevant,0,10,1.6739863157272339,0.0,0.0,0.0,0.0
541871#0,test,relevant,1,10,3.392012119293213,1.0,0.5,1.0,1.0
5419357-0,test,non_relevant,0,10,4.03670597076416,0.0,0.0,0.0,0.0
5421085#0,test,relevant,1,10,4.380248069763184,1.0,0.6366824387328317,0.8318724637288826,0.9828920819566879
5422295-0,test,non_relevant,0,10,1.7894880771636963,0.0,0.0,0.0,0.0
5422696-0,test,non_relevant,0,10,3.0341148376464844,0.0,0.0,0.0,0.0
542589-0,test,non_relevant,0,10,1.6377087831497192,0.0,0.0,0.0,0.0
5429315-0,dev,non_relevant,0,10,5.405617713928223,0.0,0.0,0.0,0.0
5429802-0,dev,non_relevant,0,10,5.141599178314209,0.0,0.0,0.0,0.0
5429865#0,dev,relevant,1,10,5.937275409698486,0.5143371794949736,0.3191471544989227,0.34620964322385606,0.9558295932317544
5430028#0,dev,relevant,1,10,7.466010093688965,0.8772153153380493,0.3065735963827292,0.6934264036172708,0.9197207891481876
5433633-0,dev,non_relevant,0,10,3.9503731727600098,0.0,0.0,0.0,0.0
5434212-0,dev,non_relevant,0,10,1.0730698108673096,0.0,0.0,0.0,0.0
544493-0,test,non_relevant,0,10,1.5336589813232422,0.0,0.0,0.0,0.0
5446375-0,test,non_relevant,0,10,2.160611867904663,0.0,0.0,0.0,0.0
5446849-0,test,non_relevant,0,10,1.9132533073425293,0.0,0.0,0.0,0.0
5448611-0,dev,non_relevant,0,10,2.0469837188720703,0.0,0.0,0.0,0.0
544899-0,test,non_relevant,0,10,1.698043942451477,0.0,0.0,0.0,0.0
5451183-0,test,non_relevant,0,10,7.773227691650391,0.0,0.0,0.0,0.0
5454558-0,dev,non_relevant,0,10,4.122660160064697,0.0,0.0,0.0,0.0
5458159-0,dev,non_relevant,0,10,3.4197518825531006,0.0,0.0,0.0,0.0
5458652-0,dev,non_relevant,0,10,-2.6976728439331055,0.0,0.0,0.0,0.0
5459159#0,dev,relevant,1,10,4.492580890655518,0.5413996682199069,0.5585075862632192,0.5585075862632192,0.75369761125927
5460344-0,test,non_relevant,0,10,8.197382926940918,0.0,0.0,0.0,0.0
5464132-0,dev,non_relevant,0,10,3.684077501296997,0.0,0.0,0.0,0.0
54646#0,test,relevant,1,10,3.5707590579986572,0.7653606369886217,0.4367467095119258,0.7653606369886217,0.7653606369886217
5464651-0,test,non_relevant,0,10,0.9091392755508423,0.0,0.0,0.0,0.0
5467888#0,test,relevant,1,10,3.8839073181152344,0.5,0.38685280723454163,0.6309297535714575,0.6309297535714575
5467952-0,dev,non_relevant,0,10,0.6485403776168823,0.0,0.0,0.0,0.0
5469435-0,dev,non_relevant,0,10,-0.6892762780189514,0.0,0.0,0.0,0.0
5470956-0,dev,non_relevant,0,10,1.0768074989318848,0.0,0.0,0.0,0.0
5470977-0,test,non_relevant,0,10,1.65254545211792,0.0,0.0,0.0,0.0
5471194#0,dev,relevant,1,10,2.0205299854278564,0.787702056960637,0.3191471544989227,0.787702056960637,0.8048099750039491
5472900#0,test,relevant,1,10,6.356494903564453,0.8687949224876582,0.6992148198508501,0.8687949224876582,0.8539316501572937
5474377-0,dev,non_relevant,0,10,5.878878593444824,0.0,0.0,0.0,0.0
5475464#0,test,relevant,1,10,6.201048851013184,0.5307212739772434,0.8854598815714874,1.0,0.6508205185601091
5476215-0,dev,non_relevant,0,10,4.427069664001465,0.0,0.0,0.0,0.0
5476266#0,dev,relevant,1,10,3.4129583835601807,0.8503449055347546,0.38685280723454163,0.6131471927654584,0.9197207891481876
5479951-0,test,non_relevant,0,10,3.475569725036621,0.0,0.0,0.0,0.0
5480783#0,test,relevant,1,9,6.023157119750977,1.0,0.38685280723454163,0.8772153153380493,1.0
548150-0,test,non_relevant,0,10,3.3554508686065674,0.0,0.0,0.0,0.0
5482695-0,dev,non_relevant,0,10,1.319907546043396,0.0,0.0,0.0,0.0
5484214-0,dev,non_relevant,0,10,2.9383633136749268,0.0,0.0,0.0,0.0
5484720#0,dev,relevant,1,10,5.737771511077881,1.0,0.0,0.0,1.0
5484990#0,test,relevant,1,10,1.8515100479125977,1.0,0.0,0.5,0.5
548577#0,test,relevant,1,10,7.167771339416504,0.8318724637288826,0.5585075862632192,0.8318724637288826,0.8318724637288826
5487823#0,test,relevant,1,10,2.863563060760498,1.0,1.0,1.0,1.0
5489155#0,test,relevant,1,10,3.505281925201416,1.0,0.0,0.5437713091520254,1.0
5491802-0,dev,non_relevant,0,10,6.56447696685791,0.0,0.0,0.0,0.0
549194-0,dev,non_relevant,0,10,2.573821783065796,0.0,0.0,0.0,0.0
5492180-0,test,non_relevant,0,10,0.021868698298931122,0.0,0.0,0.0,0.0
549341-0,test,non_relevant,0,10,0.899623453617096,0.0,0.0,0.0,0.0
5494982#0,dev,relevant,1,9,7.040371417999268,0.8539316501572937,0.3156484524795145,0.5531464700081437,0.830419897363192
5495112-0,dev,non_relevant,0,10,-0.3031035363674164,0.0,0.0,0.0,0.0
549752-0,test,non_relevant,0,10,4.336849212646484,0.0,0.0,0.0,0.0
5498997-0,test,non_relevant,0,10,3.2882208824157715,0.0,0.0,0.0,0.0
5499055#0,test,relevant,1,10,5.951803684234619,0.3191471544989227,0.15101961822780524,0.16812753627111746,0.15101961822780524
5499083-0,dev,non_relevant,0,10,-4.2342119216918945,0.0,0.0,0.0,0.0
5499536-0,dev,non_relevant,0,10,4.012130260467529,0.0,0.0,0.0,0.0
5499674-0,test,non_relevant,0,10,0.3719082474708557,0.0,0.0,0.0,0.0
5499955-0,test,non_relevant,0,10,2.5904688835144043,0.0,0.0,0.0,0.0
5500831-0,test,non_relevant,0,10,2.5665054321289062,0.0,0.0,0.0,0.0
5501454-0,test,non_relevant,0,10,0.6622932553291321,0.0,0.0,0.0,0.0
5502445-0,test,non_relevant,0,10,1.2827459573745728,0.0,0.0,0.0,0.0
5502525#0,dev,relevant,1,10,6.9209442138671875,0.9469024295259745,0.0,0.41618115554873086,1.0
5503481#0,test,relevant,1,10,4.879160404205322,0.7227265726449519,0.34519134224686937,0.48522855511632257,0.7227265726449519
5504156#0,test,relevant,1,10,6.801697254180908,0.0,0.5,0.38685280723454163,0.43067655807339306
550514-0,test,non_relevant,0,10,2.088601589202881,0.0,0.0,0.0,0.0
5506765#0,test,relevant,1,10,1.3926270008087158,0.0,0.43067655807339306,0.5,1.0
5507374#0,test,relevant,1,10,5.182384967803955,1.0,0.5,1.0,1.0
5508374-0,test,non_relevant,0,10,-0.21591129899024963,0.0,0.0,0.0,0.0
5508618#0,test,relevant,1,10,3.986100196838379,1.0,0.23719771276929622,0.6509209298071326,0.9197207891481876
5509540#0,test,relevant,1,10,1.845779299736023,0.0,0.0,0.0,0.6309297535714575
5511120#0,test,relevant,1,10,7.553924560546875,0.9558295932317544,0.15101961822780524,0.5654495432396527,0.9047172294870751
5511434-0,test,non_relevant,0,10,2.297924518585205,0.0,0.0,0.0,0.0
5512956#0,test,relevant,1,10,5.752045631408691,0.9469024295259745,0.0,0.49818925746641285,0.38364913903790027
551375-0,test,non_relevant,0,10,-2.470643997192383,0.0,0.0,0.0,0.0
5513763-0,test,non_relevant,0,10,1.3755202293395996,0.0,0.0,0.0,0.0
5514602-0,test,non_relevant,0,10,4.514277458190918,0.0,0.0,0.0,0.0
5517620#0,dev,relevant,1,10,4.5936279296875,0.6608397947263839,0.4703652827859579,0.5147714448836774,0.4468535299918563
5518092-0,dev,non_relevant,0,10,5.225419998168945,0.0,0.0,0.0,0.0
5518993#0,test,relevant,1,10,4.266674995422363,1.0,1.0,1.0,1.0
552010#0,test,relevant,1,10,6.077724933624268,0.8318724637288826,0.8318724637288826,0.8048099750039491,1.0
552075#0,test,relevant,1,10,4.168612480163574,0.24630238874073,0.9828920819566879,0.6366824387328317,0.592512031964586
552095#0,test,relevant,1,10,6.7184858322143555,0.6992148198508501,0.30078518014914984,0.38356636737133565,1.0
5523642-0,dev,non_relevant,0,10,-0.23937392234802246,0.0,0.0,0.0,0.0
5524344#0,dev,relevant,1,10,2.288005828857422,0.6309297535714575,0.5,0.6309297535714575,0.5
5524487#0,dev,relevant,1,10,4.553694248199463,0.9197207891481876,0.5012658353418871,0.9197207891481876,0.6131471927654584
552598-0,dev,non_relevant,0,10,-0.9361183047294617,0.0,0.0,0.0,0.0
552800#0,dev,relevant,1,10,6.144845962524414,1.0,0.0,0.5,1.0
5529589-0,test,non_relevant,0,10,3.806293487548828,0.0,0.0,0.0,0.0
553653-0,dev,non_relevant,0,10,-0.36189550161361694,0.0,0.0,0.0,0.0
5536775#0,test,relevant,1,10,6.921138763427734,0.8772153153380493,0.38685280723454163,0.8772153153380493,0.6934264036172708
553933-0,test,non_relevant,0,10,1.083277702331543,0.0,0.0,0.0,0.0
5540214-0,test,non_relevant,0,10,-1.2140593528747559,0.0,0.0,0.0,0.0
5545218-0,test,non_relevant,0,10,0.29550883173942566,0.0,0.0,0.0,0.0
5547013-0,test,non_relevant,0,10,5.630187034606934,0.0,0.0,0.0,0.0
5548701-0,test,non_relevant,0,10,6.3145246505737305,0.0,0.0,0.0,0.0
5551250-0,test,non_relevant,0,10,1.648728370666504,0.0,0.0,0.0,0.0
5551591-0,test,non_relevant,0,10,2.5628092288970947,0.0,0.0,0.0,0.0
5551651-0,dev,non_relevant,0,10,2.3473563194274902,0.0,0.0,0.0,0.0
555516-0,dev,non_relevant,0,10,0.14804135262966156,0.0,0.0,0.0,0.0
5555715-0,test,non_relevant,0,10,1.1920838356018066,0.0,0.0,0.0,0.0
5559199-0,dev,non_relevant,0,10,3.7152626514434814,0.0,0.0,0.0,0.0
5559945#0,test,relevant,1,10,5.873116493225098,1.0,0.19519002499605084,0.6096199500078984,0.9828920819566879
5560960-0,test,non_relevant,0,10,6.540250778198242,0.0,0.0,0.0,0.0
5561370-0,test,non_relevant,0,10,-0.41887813806533813,0.0,0.0,0.0,0.0
5561394-0,dev,non_relevant,0,10,4.119795322418213,0.0,0.0,0.0,0.0
5561547-0,test,non_relevant,0,10,0.9760032296180725,0.0,0.0,0.0,0.0
5562#0,test,relevant,1,10,2.632697582244873,0.5413996682199069,0.592512031964586,0.44149241373678083,0.8048099750039491
5563155#0,dev,relevant,1,10,2.9790830612182617,0.41618115554873086,0.7653606369886217,0.7039180890341347,0.8529278650606567
5564289-0,dev,non_relevant,0,10,-2.1009697914123535,0.0,0.0,0.0,0.0
5564404-0,test,non_relevant,0,10,0.05096431449055672,0.0,0.0,0.0,0.0
556668-0,dev,non_relevant,0,10,1.3885385990142822,0.0,0.0,0.0,0.0
5568107-0,dev,non_relevant,0,10,5.069337844848633,0.0,0.0,0.0,0.0
5569437#0,test,relevant,1,10,6.373215675354004,0.6366824387328317,0.44149241373678083,0.787702056960637,0.7365896932159578
557048-0,test,non_relevant,0,10,2.6976380348205566,0.0,0.0,0.0,0.0
5570734#0,dev,relevant,1,10,0.17966529726982117,1.0,0.43067655807339306,1.0,0.6309297535714575
5571083-0,test,non_relevant,0,10,0.7877862453460693,0.0,0.0,0.0,0.0
5576622-0,dev,non_relevant,0,10,0.07741845399141312,0.0,0.0,0.0,0.0
5576711#0,test,relevant,1,10,10.308115005493164,0.830419897363192,0.4468535299918563,0.5531464700081437,0.8687949224876582
5577030-0,dev,non_relevant,0,10,1.8435204029083252,0.0,0.0,0.0,0.0
5577745-0,test,non_relevant,0,10,2.916189432144165,0.0,0.0,0.0,0.0
5578110-0,dev,non_relevant,0,10,-1.4630136489868164,0.0,0.0,0.0,0.0
557947#0,test,relevant,1,10,2.6043894290924072,0.38685280723454163,0.0,0.0,0.6240505200038379
558073-0,dev,non_relevant,0,10,-1.5533027648925781,0.0,0.0,0.0,0.0
5581019#0,test,relevant,1,10,1.969553828239441,0.6131471927654584,0.38685280723454163,0.6131471927654584,1.0
5581117-0,test,non_relevant,0,10,1.0558985471725464,0.0,0.0,0.0,0.0
5583085-0,dev,non_relevant,0,10,0.9698948860168457,0.0,0.0,0.0,0.0
5584542-0,test,non_relevant,0,10,2.727588653564453,0.0,0.0,0.0,0.0
5584965-0,test,non_relevant,0,10,3.8832170963287354,0.0,0.0,0.0,0.0
5585506-0,test,non_relevant,0,10,1.0577435493469238,0.0,0.0,0.0,0.0
5585647-0,dev,non_relevant,0,10,1.7830965518951416,0.0,0.0,0.0,0.0
5585885-0,dev,non_relevant,0,10,2.4390833377838135,0.0,0.0,0.0,0.0
558703#0,test,relevant,1,10,6.956613540649414,0.43067655807339306,0.6309297535714575,1.0,1.0
5588637-0,dev,non_relevant,0,10,6.851613521575928,0.0,0.0,0.0,0.0
5588897#0,test,relevant,1,10,3.907179355621338,1.0,1.0,1.0,1.0
5590704#0,test,relevant,1,10,8.94749641418457,1.0,0.0,0.4776237035032179,1.0
559075#0,test,relevant,1,10,6.4871745109558105,1.0,0.6309297535714575,1.0,0.43067655807339306
5590793#0,test,relevant,1,10,4.417571067810059,0.9197207891481876,0.5437713091520254,0.6934264036172708,1.0
5593276-0,test,non_relevant,0,10,-0.16849347949028015,0.0,0.0,0.0,0.0
5594906#0,test,relevant,1,10,2.459473133087158,1.0,0.0,0.3973220069685352,0.787702056960637
5597103-0,dev,non_relevant,0,10,-3.383251667022705,0.0,0.0,0.0,0.0
5597511#0,test,relevant,1,10,4.339146614074707,1.0,0.6131471927654584,0.9197207891481876,1.0
5597555#0,test,relevant,1,10,4.8111162185668945,1.0,0.6309297535714575,1.0,0.6309297535714575
5599213-0,test,non_relevant,0,10,-1.4101967811584473,0.0,0.0,0.0,0.0
5600820-0,test,non_relevant,0,10,1.6265411376953125,0.0,0.0,0.0,0.0
5601683#0,test,relevant,1,10,7.238194465637207,0.8687949224876582,0.13120507751234178,0.4703652827859579,1.0
5602899-0,test,non_relevant,0,10,-1.9346208572387695,0.0,0.0,0.0,0.0
5603238#0,test,relevant,1,10,7.572297096252441,1.0,0.2640681225725909,0.9197207891481876,1.0
5604831-0,test,non_relevant,0,10,0.24919362366199493,0.0,0.0,0.0,0.0
5606079#0,dev,relevant,1,10,7.143613815307617,0.7227265726449519,0.4912596920895758,0.6843515475204855,1.0
5607625-0,test,non_relevant,0,10,4.281615257263184,0.0,0.0,0.0,0.0
5612004-0,test,non_relevant,0,10,4.523046493530273,0.0,0.0,0.0,0.0
5612172#0,test,relevant,1,10,7.656431674957275,1.0,0.8539316501572937,1.0,1.0
561236#0,test,relevant,1,10,2.0141217708587646,0.0,0.6309297535714575,0.43067655807339306,0.43067655807339306
5614069#0,test,relevant,1,10,4.419367790222168,1.0,0.5,1.0,1.0
5614299-0,dev,non_relevant,0,10,3.0350935459136963,0.0,0.0,0.0,0.0
5615339-0,test,non_relevant,0,10,2.512819766998291,0.0,0.0,0.0,0.0
5619509#0,test,relevant,1,10,3.4365057945251465,0.43067655807339306,1.0,1.0,0.6309297535714575
5621019#0,test,relevant,1,10,6.120645046234131,0.7653606369886217,0.18154179253735267,0.4776237035032179,0.8529278650606567
5624955#0,test,relevant,1,10,3.7419815063476562,0.6548086577531307,0.0,0.21398626473452756,1.0
5625587-0,test,non_relevant,0,10,4.059022903442383,0.0,0.0,0.0,0.0
562652#0,test,relevant,1,10,3.1655960083007812,0.8772153153380493,0.0,0.5437713091520254,0.9197207891481876
562941-0,test,non_relevant,0,10,1.7522753477096558,0.0,0.0,0.0,0.0
5631605#0,dev,relevant,1,10,2.548616886138916,0.6131471927654584,0.3065735963827292,0.6240505200038379,1.0
563221-0,test,non_relevant,0,10,1.6170002222061157,0.0,0.0,0.0,0.0
5633365#0,dev,relevant,1,10,2.1084225177764893,1.0,0.0,0.5,0.6309297535714575
5633566-0,test,non_relevant,0,10,-1.3922498226165771,0.0,0.0,0.0,0.0
5638425-0,test,non_relevant,0,10,2.512819766998291,0.0,0.0,0.0,0.0
563951-0,dev,non_relevant,0,10,5.045561790466309,0.0,0.0,0.0,0.0
5641106-0,test,non_relevant,0,10,3.40775728225708,0.0,0.0,0.0,0.0
5642275#0,test,relevant,1,10,5.703259468078613,0.8854598815714874,0.6508205185601091,0.7653606369886217,0.9060254355346823
5648243#0,test,relevant,1,10,6.219709873199463,1.0,0.0,0.5,1.0
564862-0,test,non_relevant,0,10,1.481062412261963,0.0,0.0,0.0,0.0
5648673-0,dev,non_relevant,0,10,0.9112406969070435,0.0,0.0,0.0,0.0
5649773#0,test,relevant,1,10,6.741952896118164,1.0,0.6508205185601091,0.9674679834891693,1.0
5650882#0,dev,relevant,1,10,5.614463806152344,0.38685280723454163,0.43067655807339306,0.38685280723454163,0.38685280723454163
5650973-0,test,non_relevant,0,10,-6.529829502105713,0.0,0.0,0.0,0.0
565177#0,dev,relevant,1,10,7.466839790344238,0.6131471927654584,0.0,0.6131471927654584,0.6131471927654584
5657168-0,dev,non_relevant,0,10,0.0156504325568676,0.0,0.0,0.0,0.0
5662212-0,dev,non_relevant,0,10,2.1678004264831543,0.0,0.0,0.0,0.0
5664660-0,test,non_relevant,0,10,-2.591899871826172,0.0,0.0,0.0,0.0
5664784#0,test,relevant,1,10,5.403175354003906,1.0,0.38685280723454163,0.6309297535714575,1.0
5665251-0,test,non_relevant,0,10,2.9419097900390625,0.0,0.0,0.0,0.0
5666608#0,test,relevant,1,10,7.794905662536621,0.8687949224876582,0.8539316501572937,0.8687949224876582,0.8687949224876582
5667369#0,test,relevant,1,10,5.322016716003418,0.8772153153380493,0.5706417189553201,1.0,1.0
5669382#0,dev,relevant,1,10,5.126358985900879,0.5,1.0,1.0,0.5
5669789-0,test,non_relevant,0,10,0.5195744037628174,0.0,0.0,0.0,0.0
5670383-0,test,non_relevant,0,10,3.4201650619506836,0.0,0.0,0.0,0.0
5671277-0,dev,non_relevant,0,10,2.970459461212158,0.0,0.0,0.0,0.0
567242#0,test,relevant,1,10,3.0604891777038574,0.5,0.38685280723454163,0.6309297535714575,0.43067655807339306
5672800#0,test,relevant,1,10,4.054512023925781,0.4367467095119258,0.5307212739772434,0.4776237035032179,0.8529278650606567
5674950#0,test,relevant,1,10,1.9898160696029663,0.8503449055347546,0.5012658353418871,0.6509209298071326,0.6131471927654584
567511-0,test,non_relevant,0,10,5.774358749389648,0.0,0.0,0.0,0.0
567566#0,dev,relevant,1,10,5.763575553894043,0.43067655807339306,0.5,0.5,0.5
5676102-0,dev,non_relevant,0,10,5.382905960083008,0.0,0.0,0.0,0.0
5678202-0,test,non_relevant,0,10,0.1281181126832962,0.0,0.0,0.0,0.0
5678208-0,test,non_relevant,0,10,-5.5565595626831055,0.0,0.0,0.0,0.0
5678772-0,test,non_relevant,0,10,2.8369879722595215,0.0,0.0,0.0,0.0
5679472-0,test,non_relevant,0,10,4.918220520019531,0.0,0.0,0.0,0.0
5679606#0,dev,relevant,1,10,7.068454265594482,0.9060254355346823,0.41618115554873086,0.6797310500037655,0.7328286204777911
5679636-0,test,non_relevant,0,10,2.3187379837036133,0.0,0.0,0.0,0.0
5683739-0,dev,non_relevant,0,10,3.8857438564300537,0.0,0.0,0.0,0.0
5683998#0,test,relevant,1,10,7.6422810554504395,0.9469024295259745,0.6508205185601091,0.9674679834891693,0.9674679834891693
5684648#0,test,relevant,1,10,7.001710891723633,0.5,0.0,0.0,1.0
5685564-0,dev,non_relevant,0,10,-2.057370662689209,0.0,0.0,0.0,0.0
5688403-0,test,non_relevant,0,10,-0.3667104244232178,0.0,0.0,0.0,0.0
568861-0,dev,non_relevant,0,10,0.44899386167526245,0.0,0.0,0.0,0.0
5688737-0,dev,non_relevant,0,10,5.535213470458984,0.0,0.0,0.0,0.0
568968-0,test,non_relevant,0,10,1.2167152166366577,0.0,0.0,0.0,0.0
569234-0,test,non_relevant,0,10,5.7788896560668945,0.0,0.0,0.0,0.0
5693233#0,test,relevant,1,10,5.29737663269043,0.5585075862632192,0.36331756126716835,0.44149241373678083,0.44149241373678083
5694298-0,test,non_relevant,0,10,2.0996551513671875,0.0,0.0,0.0,0.0
5698222#0,test,relevant,1,10,4.823229789733887,0.8772153153380493,0.0,0.5012658353418871,0.38685280723454163
5698926-0,test,non_relevant,0,10,1.5720316171646118,0.0,0.0,0.0,0.0
5701552-0,test,non_relevant,0,10,2.211914539337158,0.0,0.0,0.0,0.0
5702545-0,dev,non_relevant,0,10,-0.18932563066482544,0.0,0.0,0.0,0.0
5703837-0,dev,non_relevant,0,10,3.1059460639953613,0.0,0.0,0.0,0.0
570423#0,test,relevant,1,10,2.29419207572937,1.0,0.38685280723454163,1.0,1.0
5704508-0,test,non_relevant,0,10,7.180721759796143,0.0,0.0,0.0,0.0
5705774-0,dev,non_relevant,0,10,2.5151402950286865,0.0,0.0,0.0,0.0
5706930-0,dev,non_relevant,0,10,3.4549560546875,0.0,0.0,0.0,0.0
5708923#0,test,relevant,1,10,8.367618560791016,0.7328286204777911,0.23463936301137822,0.4367467095119258,0.9060254355346823
5709216-0,test,non_relevant,0,10,0.4533371031284332,0.0,0.0,0.0,0.0
5709346-0,test,non_relevant,0,10,4.22472620010376,0.0,0.0,0.0,0.0
5709508-0,test,non_relevant,0,10,1.9660933017730713,0.0,0.0,0.0,0.0
5711255-0,dev,non_relevant,0,10,6.110415935516357,0.0,0.0,0.0,0.0
5711581-0,dev,non_relevant,0,10,-0.7289801239967346,0.0,0.0,0.0,0.0
5711586#0,test,relevant,1,10,3.2436933517456055,1.0,1.0,1.0,1.0
5712#0,test,relevant,1,7,5.195303916931152,0.5437713091520254,0.6131471927654584,0.38685280723454163,0.6509209298071326
5713712#0,test,relevant,1,10,6.638294219970703,1.0,1.0,1.0,1.0
5714468-0,test,non_relevant,0,10,5.448429584503174,0.0,0.0,0.0,0.0
5722902#0,test,relevant,1,10,3.3828797340393066,1.0,0.27727342735504823,0.7860137352654724,0.8539316501572937
5727017#0,dev,relevant,1,10,7.224109649658203,0.5585075862632192,0.44149241373678083,0.5585075862632192,0.7365896932159578
5729757-0,test,non_relevant,0,10,-3.0346193313598633,0.0,0.0,0.0,0.0
5730755-0,dev,non_relevant,0,10,0.6861811876296997,0.0,0.0,0.0,0.0
5731087#0,test,relevant,1,10,3.0148983001708984,0.6131471927654584,0.38685280723454163,0.2640681225725909,0.6509209298071326
573244-0,test,non_relevant,0,10,2.899965286254883,0.0,0.0,0.0,0.0
5733518-0,dev,non_relevant,0,10,7.293047904968262,0.0,0.0,0.0,0.0
5735246-0,test,non_relevant,0,10,-1.6750571727752686,0.0,0.0,0.0,0.0
5736344-0,dev,non_relevant,0,10,-0.6737139225006104,0.0,0.0,0.0,0.0
5739129#0,test,relevant,1,10,3.453972339630127,0.43067655807339306,0.43067655807339306,0.6309297535714575,0.38685280723454163
5739889-0,dev,non_relevant,0,10,-1.0434069633483887,0.0,0.0,0.0,0.0
5740270#0,test,relevant,1,10,3.011948585510254,0.6309297535714575,0.6309297535714575,1.0,0.5
5743799#0,dev,relevant,1,10,4.223956108093262,0.5,1.0,1.0,1.0
5744246-0,dev,non_relevant,0,10,1.4276440143585205,0.0,0.0,0.0,0.0
5744423-0,dev,non_relevant,0,10,-0.11501608788967133,0.0,0.0,0.0,0.0
5745709-0,dev,non_relevant,0,10,4.053600311279297,0.0,0.0,0.0,0.0
5750504-0,test,non_relevant,0,10,0.809587836265564,0.0,0.0,0.0,0.0
5750544-0,dev,non_relevant,0,10,1.8573802709579468,0.0,0.0,0.0,0.0
575122-0,test,non_relevant,0,10,3.5461580753326416,0.0,0.0,0.0,0.0
57535-0,dev,non_relevant,0,10,4.424236297607422,0.0,0.0,0.0,0.0
5754992-0,dev,non_relevant,0,10,5.024944305419922,0.0,0.0,0.0,0.0
5755568#0,dev,relevant,1,10,6.671463966369629,1.0,0.5147714448836774,0.8687949224876582,1.0
5755824-0,dev,non_relevant,0,10,2.3162617683410645,0.0,0.0,0.0,0.0
5756227#0,test,relevant,1,10,5.9319329261779785,1.0,0.27727342735504823,0.639945385422766,0.8539316501572937
5757375-0,dev,non_relevant,0,10,2.437563896179199,0.0,0.0,0.0,0.0
5757734-0,test,non_relevant,0,10,-2.5849428176879883,0.0,0.0,0.0,0.0
5761541-0,dev,non_relevant,0,10,-2.228032112121582,0.0,0.0,0.0,0.0
5768601-0,dev,non_relevant,0,10,2.8131327629089355,0.0,0.0,0.0,0.0
5769481-0,test,non_relevant,0,10,2.850666046142578,0.0,0.0,0.0,0.0
577087#0,test,relevant,1,9,6.753619194030762,1.0,0.2640681225725909,0.8772153153380493,1.0
577261-0,test,non_relevant,0,10,2.541414737701416,0.0,0.0,0.0,0.0
5782214-0,dev,non_relevant,0,10,1.0517226457595825,0.0,0.0,0.0,0.0
5785892#0,test,relevant,1,10,5.195826530456543,0.3065735963827292,0.5012658353418871,0.5012658353418871,0.38685280723454163
5785901-0,dev,non_relevant,0,10,1.709668517112732,0.0,0.0,0.0,0.0
5787730#0,test,relevant,1,10,6.314208030700684,0.34620964322385606,0.5654495432396527,0.6096199500078984,0.34620964322385606
5788717#0,test,relevant,1,7,9.694101333618164,1.0,1.0,1.0,1.0
5789512-0,dev,non_relevant,0,10,2.620161533355713,0.0,0.0,0.0,0.0
5791578-0,dev,non_relevant,0,10,3.21555233001709,0.0,0.0,0.0,0.0
5791745-0,dev,non_relevant,0,10,2.49993896484375,0.0,0.0,0.0,0.0
5794293-0,test,non_relevant,0,10,-1.0767786502838135,0.0,0.0,0.0,0.0
5795566-0,test,non_relevant,0,10,0.8474157452583313,0.0,0.0,0.0,0.0
5796637-0,test,non_relevant,0,10,1.2242543697357178,0.0,0.0,0.0,0.0
579694-0,dev,non_relevant,0,10,1.8311007022857666,0.0,0.0,0.0,0.0
5798288#0,dev,relevant,1,10,0.437528133392334,1.0,0.6240505200038379,0.9197207891481876,1.0
5799327#0,test,relevant,1,10,5.138469696044922,1.0,0.41618115554873086,0.7653606369886217,0.9674679834891693
580103-0,dev,non_relevant,0,10,2.255758762359619,0.0,0.0,0.0,0.0
580489-0,dev,non_relevant,0,10,2.54621958732605,0.0,0.0,0.0,0.0
582391-0,dev,non_relevant,0,10,1.15704345703125,0.0,0.0,0.0,0.0
582575-0,test,non_relevant,0,10,4.738765716552734,0.0,0.0,0.0,0.0
582757#0,test,relevant,1,10,6.177814483642578,0.9197207891481876,0.8772153153380493,0.8772153153380493,0.9197207891481876
583878-0,test,non_relevant,0,10,-3.1551313400268555,0.0,0.0,0.0,0.0
584746-0,dev,non_relevant,0,10,1.1145381927490234,0.0,0.0,0.0,0.0
58593-0,dev,non_relevant,0,10,-0.5677574872970581,0.0,0.0,0.0,0.0
5862693-0,test,non_relevant,0,10,4.630202770233154,0.0,0.0,0.0,0.0
5867443#0,test,relevant,1,10,3.3928229808807373,0.43067655807339306,1.0,0.6309297535714575,0.0
5867679#0,dev,relevant,1,10,3.6805577278137207,0.8772153153380493,0.6131471927654584,0.8503449055347546,0.8503449055347546
586967#0,test,relevant,1,10,4.521010398864746,0.8048099750039491,0.34620964322385606,0.7365896932159578,1.0
588368-0,test,non_relevant,0,10,-0.8132588863372803,0.0,0.0,0.0,0.0
5884363-0,test,non_relevant,0,10,-5.822025775909424,0.0,0.0,0.0,0.0
5886117-0,test,non_relevant,0,10,1.1108280420303345,0.0,0.0,0.0,0.0
5888047-0,dev,non_relevant,0,10,1.8522577285766602,0.0,0.0,0.0,0.0
5889004#0,test,relevant,1,10,4.287156581878662,1.0,0.0,0.6309297535714575,1.0
5893628-0,test,non_relevant,0,10,0.5730925798416138,0.0,0.0,0.0,0.0
5895853#0,test,relevant,1,10,5.3857574462890625,0.9674679834891693,0.18154179253735267,0.7653606369886217,1.0
5896324-0,test,non_relevant,0,10,2.4805691242218018,0.0,0.0,0.0,0.0
59019#0,dev,relevant,1,10,8.18399715423584,0.43067655807339306,0.0,0.38685280723454163,0.43067655807339306
590227-0,test,non_relevant,0,10,0.42182111740112305,0.0,0.0,0.0,0.0
5909335-0,dev,non_relevant,0,10,5.068041801452637,0.0,0.0,0.0,0.0
5910745-0,dev,non_relevant,0,10,2.2237842082977295,0.0,0.0,0.0,0.0
5911698-0,test,non_relevant,0,10,0.5137757062911987,0.0,0.0,0.0,0.0
5918636-0,dev,non_relevant,0,10,-0.8841235041618347,0.0,0.0,0.0,0.0
5920235-0,test,non_relevant,0,10,2.49853515625,0.0,0.0,0.0,0.0
5920953#0,test,relevant,1,10,6.781524658203125,0.3191471544989227,0.5654495432396527,0.5585075862632192,0.8318724637288826
5921305-0,test,non_relevant,0,10,3.709699869155884,0.0,0.0,0.0,0.0
5923615-0,test,non_relevant,0,10,-3.0519368648529053,0.0,0.0,0.0,0.0
5928327#0,test,relevant,1,10,5.373826503753662,1.0,0.0,0.43067655807339306,0.6309297535714575
5929441#0,test,relevant,1,10,5.323331356048584,0.8503449055347546,0.6131471927654584,0.8503449055347546,1.0
5931972-0,test,non_relevant,0,10,2.313610076904297,0.0,0.0,0.0,0.0
5933686#0,test,relevant,1,10,6.958800315856934,0.6309297535714575,0.43067655807339306,0.6309297535714575,1.0
59350#0,test,relevant,1,10,4.567593574523926,1.0,0.6509209298071326,1.0,0.5437713091520254
59356-0,dev,non_relevant,0,10,-0.9753621816635132,0.0,0.0,0.0,0.0
593568#0,test,relevant,1,10,3.6581051349639893,0.24630238874073,0.5413996682199069,0.3903800499921017,0.5413996682199069
594028-0,test,non_relevant,0,10,5.610333442687988,0.0,0.0,0.0,0.0
594125#0,test,relevant,1,10,9.167106628417969,1.0,0.6131471927654584,0.8772153153380493,1.0
5941626#0,test,relevant,1,10,8.737948417663574,1.0,0.6366824387328317,0.6366824387328317,1.0
5942176-0,test,non_relevant,0,10,2.884521484375,0.0,0.0,0.0,0.0
5942564-0,dev,non_relevant,0,10,1.3490643501281738,0.0,0.0,0.0,0.0
5945204-0,dev,non_relevant,0,10,1.523347020149231,0.0,0.0,0.0,0.0
594662#0,test,relevant,1,10,2.404757022857666,0.0,0.0,0.0,0.0
5948101#0,test,relevant,1,10,8.622870445251465,1.0,0.44149241373678083,0.9558295932317544,1.0
594979-0,test,non_relevant,0,10,7.531168460845947,0.0,0.0,0.0,0.0
5950660#0,dev,relevant,1,10,5.002457618713379,0.6992148198508501,0.8539316501572937,1.0,0.6843515475204855
5951470-0,test,non_relevant,0,10,1.3455309867858887,0.0,0.0,0.0,0.0
5951690-0,test,non_relevant,0,10,3.7726266384124756,0.0,0.0,0.0,0.0
5951769-0,dev,non_relevant,0,10,0.23825004696846008,0.0,0.0,0.0,0.0
595194-0,test,non_relevant,0,10,6.431142807006836,0.0,0.0,0.0,0.0
595258#0,dev,relevant,1,10,6.596835136413574,0.7328286204777911,0.23463936301137822,0.2960819109658652,0.7328286204777911
5952836-0,test,non_relevant,0,10,-0.34449079632759094,0.0,0.0,0.0,0.0
5954618#0,test,relevant,1,10,-0.7724851369857788,0.43067655807339306,0.0,0.38685280723454163,1.0
5956830-0,test,non_relevant,0,10,-1.2687489986419678,0.0,0.0,0.0,0.0
5956912#0,test,relevant,1,10,0.4477796256542206,0.5437713091520254,0.5437713091520254,0.6934264036172708,0.9197207891481876
595982-0,dev,non_relevant,0,10,1.1654454469680786,0.0,0.0,0.0,0.0
5962930#0,test,relevant,1,10,4.859859466552734,1.0,0.0,0.3973220069685352,0.787702056960637
5963042#0,test,relevant,1,10,5.6122589111328125,1.0,0.0,0.5,0.38685280723454163
5964350-0,test,non_relevant,0,10,6.220511436462402,0.0,0.0,0.0,0.0
596472-0,dev,non_relevant,0,10,4.925021171569824,0.0,0.0,0.0,0.0
596694-0,test,non_relevant,0,10,1.1859626770019531,0.0,0.0,0.0,0.0
596861#0,test,relevant,1,10,5.226042747497559,0.5,0.0,0.0,0.5
5969434-0,dev,non_relevant,0,10,4.289008140563965,0.0,0.0,0.0,0.0
5970223#0,test,relevant,1,10,7.104397773742676,1.0,1.0,1.0,0.6309297535714575
5970894-0,test,non_relevant,0,10,1.8050377368927002,0.0,0.0,0.0,0.0
5971283-0,dev,non_relevant,0,10,2.2508108615875244,0.0,0.0,0.0,0.0
5971443#0,test,relevant,1,10,7.280190467834473,0.8318724637288826,0.15101961822780524,0.44149241373678083,1.0
5971724#0,test,relevant,1,10,1.6398566961288452,1.0,1.0,1.0,1.0
5971869-0,test,non_relevant,0,10,-1.8670469522476196,0.0,0.0,0.0,0.0
5972457-0,dev,non_relevant,0,10,3.441818952560425,0.0,0.0,0.0,0.0
5972900-0,dev,non_relevant,0,10,4.9586896896362305,0.0,0.0,0.0,0.0
5972914-0,dev,non_relevant,0,10,-3.835028648376465,0.0,0.0,0.0,0.0
5973896#0,test,relevant,1,10,3.2224807739257812,1.0,0.6309297535714575,1.0,1.0
5976254-0,dev,non_relevant,0,10,5.119833946228027,0.0,0.0,0.0,0.0
597646-0,dev,non_relevant,0,10,3.2097537517547607,0.0,0.0,0.0,0.0
5977068-0,dev,non_relevant,0,10,1.5682809352874756,0.0,0.0,0.0,0.0
5977391-0,dev,non_relevant,0,10,2.421356439590454,0.0,0.0,0.0,0.0
5978520-0,dev,non_relevant,0,10,4.130543231964111,0.0,0.0,0.0,0.0
598396-0,test,non_relevant,0,10,3.8204431533813477,0.0,0.0,0.0,0.0
5984240-0,dev,non_relevant,0,10,-3.0620875358581543,0.0,0.0,0.0,0.0
5987702#0,test,relevant,1,10,4.796075344085693,1.0,0.8687949224876582,1.0,1.0
5989842-0,dev,non_relevant,0,10,1.3560888767242432,0.0,0.0,0.0,0.0
5993881#0,test,relevant,1,10,4.79090690612793,0.8772153153380493,0.5012658353418871,0.9197207891481876,1.0
5994048#0,dev,relevant,1,10,4.851086616516113,0.8539316501572937,0.6164336326286644,0.8687949224876582,0.6992148198508501
5996151#0,test,relevant,1,10,0.9195358157157898,0.3065735963827292,0.2640681225725909,0.0,0.38685280723454163
5999883#0,test,relevant,1,10,5.272562026977539,0.6934264036172708,0.0,0.6240505200038379,0.9197207891481876
6001131-0,test,non_relevant,0,10,-3.76131010055542,0.0,0.0,0.0,0.0
6001911-0,dev,non_relevant,0,10,3.5513715744018555,0.0,0.0,0.0,0.0
600317-0,test,non_relevant,0,10,4.532262802124023,0.0,0.0,0.0,0.0
600370-0,dev,non_relevant,0,10,3.477062702178955,0.0,0.0,0.0,0.0
6004479-0,dev,non_relevant,0,10,0.786466121673584,0.0,0.0,0.0,0.0
6005523-0,dev,non_relevant,0,10,0.42307913303375244,0.0,0.0,0.0,0.0
6008412-0,test,non_relevant,0,10,-0.7412351369857788,0.0,0.0,0.0,0.0
6009745-0,test,non_relevant,0,10,2.4834213256835938,0.0,0.0,0.0,0.0
6011209-0,dev,non_relevant,0,10,1.8946335315704346,0.0,0.0,0.0,0.0
6013379-0,test,non_relevant,0,10,-0.9725647568702698,0.0,0.0,0.0,0.0
6013882-0,test,non_relevant,0,10,1.746350884437561,0.0,0.0,0.0,0.0
6014278-0,dev,non_relevant,0,10,3.9771127700805664,0.0,0.0,0.0,0.0
601466-0,dev,non_relevant,0,10,5.283240795135498,0.0,0.0,0.0,0.0
6018013#0,test,relevant,1,10,4.521010398864746,0.830419897363192,0.4468535299918563,0.7860137352654724,0.8687949224876582
6021244#0,test,relevant,1,10,3.9117178916931152,0.5437713091520254,0.2640681225725909,0.38685280723454163,0.5706417189553201
6025879-0,dev,non_relevant,0,10,2.2121329307556152,0.0,0.0,0.0,0.0
6026058-0,test,non_relevant,0,10,3.209678888320923,0.0,0.0,0.0,0.0
6030667-0,dev,non_relevant,0,10,-1.8763750791549683,0.0,0.0,0.0,0.0
6031448#0,test,relevant,1,10,6.357564926147461,0.7860137352654724,0.7860137352654724,0.830419897363192,0.8687949224876582
6032067-0,test,non_relevant,0,10,5.524439334869385,0.0,0.0,0.0,0.0
6036148-0,test,non_relevant,0,10,3.0683388710021973,0.0,0.0,0.0,0.0
6036671#0,test,relevant,1,10,0.550679087638855,0.41618115554873086,0.23463936301137822,0.2960819109658652,0.41618115554873086
6038439#0,dev,relevant,1,10,1.75215482711792,0.38685280723454163,0.0,0.23719771276929622,0.23719771276929622
6039015-0,dev,non_relevant,0,10,4.658015251159668,0.0,0.0,0.0,0.0
6041191#0,test,relevant,1,10,3.515373945236206,1.0,0.38685280723454163,0.6131471927654584,0.6131471927654584
604159#0,test,relevant,1,10,3.5586137771606445,0.5012658353418871,0.6934264036172708,1.0,0.3065735963827292
6041640-0,test,non_relevant,0,10,7.801297664642334,0.0,0.0,0.0,0.0
6044052#0,dev,relevant,1,10,5.975232124328613,1.0,0.38685280723454163,0.6309297535714575,1.0
6044082-0,dev,non_relevant,0,10,6.303383827209473,0.0,0.0,0.0,0.0
6044526-0,test,non_relevant,0,10,1.87799072265625,0.0,0.0,0.0,0.0
6044565-0,dev,non_relevant,0,10,1.7413724660873413,0.0,0.0,0.0,0.0
6046977-0,dev,non_relevant,0,10,5.862703323364258,0.0,0.0,0.0,0.0
6047857-0,dev,non_relevant,0,10,3.2167153358459473,0.0,0.0,0.0,0.0
6048526-0,dev,non_relevant,0,10,5.0846123695373535,0.0,0.0,0.0,0.0
604863-0,dev,non_relevant,0,10,1.3426003456115723,0.0,0.0,0.0,0.0
605033-0,dev,non_relevant,0,10,0.4808301329612732,0.0,0.0,0.0,0.0
6051960#0,test,relevant,1,10,8.065064430236816,1.0,0.5,1.0,1.0
6053002-0,dev,non_relevant,0,10,4.884241580963135,0.0,0.0,0.0,0.0
605434-0,test,non_relevant,0,10,4.372114181518555,0.0,0.0,0.0,0.0
6055243-0,dev,non_relevant,0,10,-0.569342851638794,0.0,0.0,0.0,0.0
6056078#0,dev,relevant,1,10,5.664130210876465,0.8503449055347546,0.23719771276929622,0.5012658353418871,1.0
6057104-0,test,non_relevant,0,10,0.10006312280893326,0.0,0.0,0.0,0.0
6057105-0,dev,non_relevant,0,10,1.3474032878875732,0.0,0.0,0.0,0.0
605809-0,dev,non_relevant,0,10,-0.12141090631484985,0.0,0.0,0.0,0.0
605931-0,test,non_relevant,0,10,1.3595695495605469,0.0,0.0,0.0,0.0
6063778#0,test,relevant,1,10,5.279304504394531,0.6309297535714575,0.0,0.38685280723454163,1.0
606501-0,test,non_relevant,0,10,-0.046747591346502304,0.0,0.0,0.0,0.0
6066624-0,test,non_relevant,0,10,5.201598644256592,0.0,0.0,0.0,0.0
6068958-0,dev,non_relevant,0,10,2.698934555053711,0.0,0.0,0.0,0.0
6069550#0,dev,relevant,1,10,6.576555252075195,0.38685280723454163,0.38685280723454163,0.43067655807339306,0.5
6069959#0,test,relevant,1,10,8.785368919372559,0.8772153153380493,0.3065735963827292,0.5706417189553201,0.8772153153380493
6070275-0,test,non_relevant,0,10,1.9991683959960938,0.0,0.0,0.0,0.0
6073996-0,dev,non_relevant,0,10,0.06759175658226013,0.0,0.0,0.0,0.0
6077894#0,test,relevant,1,10,3.3660523891448975,0.6309297535714575,0.43067655807339306,1.0,1.0
6079432-0,test,non_relevant,0,10,2.469244956970215,0.0,0.0,0.0,0.0
6079507-0,test,non_relevant,0,10,-0.9723455309867859,0.0,0.0,0.0,0.0
6080150-0,test,non_relevant,0,10,-0.7600619792938232,0.0,0.0,0.0,0.0
6084114#0,dev,relevant,1,9,5.737495422363281,0.9558295932317544,0.6366824387328317,0.8318724637288826,0.6096199500078984
6086338#0,dev,relevant,1,8,4.107020854949951,0.8854598815714874,0.5307212739772434,0.7039180890341347,0.7328286204777911
6090340-0,test,non_relevant,0,10,4.496501922607422,0.0,0.0,0.0,0.0
6091266-0,test,non_relevant,0,10,2.8326611518859863,0.0,0.0,0.0,0.0
609173-0,dev,non_relevant,0,10,-4.051272392272949,0.0,0.0,0.0,0.0
6092854#0,test,relevant,1,10,5.791581630706787,0.6509209298071326,0.38685280723454163,0.6131471927654584,0.6240505200038379
6096568-0,test,non_relevant,0,10,1.703383207321167,0.0,0.0,0.0,0.0
609967#0,test,relevant,1,10,4.8851165771484375,0.830419897363192,0.4468535299918563,0.639945385422766,0.7860137352654724
6101595-0,dev,non_relevant,0,10,5.212795257568359,0.0,0.0,0.0,0.0
6103854-0,test,non_relevant,0,10,-0.7394832968711853,0.0,0.0,0.0,0.0
6105157#0,dev,relevant,1,10,6.045626163482666,1.0,0.43067655807339306,0.6309297535714575,1.0
6105722#0,dev,relevant,1,10,6.761385440826416,0.7328286204777911,0.0,0.38364913903790027,0.49818925746641285
6105903-0,dev,non_relevant,0,10,4.110653877258301,0.0,0.0,0.0,0.0
610799-0,test,non_relevant,0,10,4.841128349304199,0.0,0.0,0.0,0.0
6110612-0,test,non_relevant,0,10,0.7610793709754944,0.0,0.0,0.0,0.0
6112535-0,dev,non_relevant,0,10,6.505998611450195,0.0,0.0,0.0,0.0
6113068-0,test,non_relevant,0,10,3.6436350345611572,0.0,0.0,0.0,0.0
6113662-0,test,non_relevant,0,10,-1.0801382064819336,0.0,0.0,0.0,0.0
6119934#0,test,relevant,1,10,6.869755268096924,0.8687949224876582,0.27727342735504823,0.6992148198508501,0.7860137352654724
6122662-0,dev,non_relevant,0,10,0.4239053726196289,0.0,0.0,0.0,0.0
6123279#0,test,relevant,1,10,6.593616485595703,0.8687949224876582,0.21398626473452756,0.6843515475204855,1.0
6123362-0,dev,non_relevant,0,10,3.2391164302825928,0.0,0.0,0.0,0.0
6125120#0,test,relevant,1,10,-0.06204226613044739,1.0,0.38685280723454163,0.8503449055347546,0.6131471927654584
6125617-0,dev,non_relevant,0,10,2.769796848297119,0.0,0.0,0.0,0.0
6130053-0,dev,non_relevant,0,10,-2.28495454788208,0.0,0.0,0.0,0.0
613283-0,dev,non_relevant,0,10,1.2834452390670776,0.0,0.0,0.0,0.0
613489-0,dev,non_relevant,0,10,-0.9491705894470215,0.0,0.0,0.0,0.0
6135036-0,test,non_relevant,0,10,5.792369842529297,0.0,0.0,0.0,0.0
6139698#0,test,relevant,1,10,4.949222087860107,0.7653606369886217,0.38364913903790027,0.6713860725233041,0.7653606369886217
6141922#0,test,relevant,1,10,5.919807434082031,1.0,0.38685280723454163,0.6309297535714575,1.0
6142233-0,test,non_relevant,0,10,2.9119114875793457,0.0,0.0,0.0,0.0
6142869-0,dev,non_relevant,0,10,1.3903777599334717,0.0,0.0,0.0,0.0
6142885-0,test,non_relevant,0,10,5.418754577636719,0.0,0.0,0.0,0.0
6145207#0,test,relevant,1,10,3.200517177581787,1.0,1.0,1.0,1.0
614522#0,test,relevant,1,10,3.95400071144104,1.0,0.2640681225725909,0.6934264036172708,0.5706417189553201
6145541#0,test,relevant,1,10,0.1411503106355667,0.3065735963827292,0.9197207891481876,0.6509209298071326,0.38685280723454163
6146730-0,test,non_relevant,0,10,1.8745992183685303,0.0,0.0,0.0,0.0
6154257#0,test,relevant,1,10,4.590542316436768,0.6309297535714575,0.0,0.5,0.6309297535714575
615706#0,test,relevant,1,10,6.289105415344238,1.0,0.5,1.0,1.0
615754-0,test,non_relevant,0,10,1.783063292503357,0.0,0.0,0.0,0.0
6162293-0,test,non_relevant,0,10,4.564414978027344,0.0,0.0,0.0,0.0
6166649-0,dev,non_relevant,0,10,1.3119604587554932,0.0,0.0,0.0,0.0
6169270-0,test,non_relevant,0,10,5.7824320793151855,0.0,0.0,0.0,0.0
6170341-0,test,non_relevant,0,10,4.714485168457031,0.0,0.0,0.0,0.0
617193-0,dev,non_relevant,0,10,-1.4244657754898071,0.0,0.0,0.0,0.0
6174839-0,test,non_relevant,0,10,2.6977860927581787,0.0,0.0,0.0,0.0
6175413-0,test,non_relevant,0,10,-0.9779171943664551,0.0,0.0,0.0,0.0
6177879-0,dev,non_relevant,0,10,1.6977754831314087,0.0,0.0,0.0,0.0
6178764#0,test,relevant,1,10,4.790878772735596,1.0,0.0,0.6131471927654584,1.0
6178922-0,dev,non_relevant,0,10,-0.9237658381462097,0.0,0.0,0.0,0.0
6182502#0,dev,relevant,1,10,5.468878746032715,1.0,0.23719771276929622,0.6934264036172708,1.0
6188462-0,dev,non_relevant,0,10,5.39664363861084,0.0,0.0,0.0,0.0
618859-0,test,non_relevant,0,10,3.877370834350586,0.0,0.0,0.0,0.0
6191315-0,dev,non_relevant,0,10,4.949180603027344,0.0,0.0,0.0,0.0
6195684#0,test,relevant,1,10,7.386073589324951,1.0,0.23719771276929622,0.6240505200038379,1.0
6197283-0,dev,non_relevant,0,10,0.09382317960262299,0.0,0.0,0.0,0.0
6203949#0,test,relevant,1,10,6.135714530944824,0.6309297535714575,0.0,0.0,0.6309297535714575
6214399-0,test,non_relevant,0,10,1.4747523069381714,0.0,0.0,0.0,0.0
6222986-0,test,non_relevant,0,10,2.690708637237549,0.0,0.0,0.0,0.0
6227125-0,dev,non_relevant,0,10,4.211891174316406,0.0,0.0,0.0,0.0
6237902-0,dev,non_relevant,0,10,1.6209561824798584,0.0,0.0,0.0,0.0
6239236-0,test,non_relevant,0,10,-0.0027296114712953568,0.0,0.0,0.0,0.0
624381#0,dev,relevant,1,10,6.678327560424805,0.6713860725233041,0.6508205185601091,0.46927872602275644,0.6508205185601091
6244436#0,test,relevant,1,10,2.722654342651367,0.0,0.0,0.0,0.5706417189553201
6251480-0,test,non_relevant,0,10,-0.3701871633529663,0.0,0.0,0.0,0.0
6251499-0,test,non_relevant,0,10,1.0658106803894043,0.0,0.0,0.0,0.0
6257723#0,test,relevant,1,10,5.075466156005859,1.0,0.0,1.0,1.0
6258954-0,test,non_relevant,0,10,-0.04311913251876831,0.0,0.0,0.0,0.0
6263356-0,dev,non_relevant,0,10,3.5341970920562744,0.0,0.0,0.0,0.0
6267946-0,dev,non_relevant,0,10,2.261810541152954,0.0,0.0,0.0,0.0
6272051#0,dev,relevant,1,10,1.446911096572876,1.0,1.0,1.0,1.0
6279434#0,test,relevant,1,10,6.809556007385254,0.48522855511632257,0.8539316501572937,0.7860137352654724,0.14606834984270645
6280515#0,test,relevant,1,10,4.588539123535156,0.38685280723454163,0.38685280723454163,0.43067655807339306,0.0
6284189-0,test,non_relevant,0,10,3.7888569831848145,0.0,0.0,0.0,0.0
6284461-0,dev,non_relevant,0,10,-1.1803046464920044,0.0,0.0,0.0,0.0
6285061#0,test,relevant,1,8,2.4680447578430176,0.592512031964586,0.3973220069685352,0.5143371794949736,0.5654495432396527
6285818#0,test,relevant,1,10,6.181270599365234,0.3903800499921017,0.592512031964586,0.5585075862632192,0.8048099750039491
6287562-0,dev,non_relevant,0,10,2.9396958351135254,0.0,0.0,0.0,0.0
6288294-0,test,non_relevant,0,10,-3.4151899814605713,0.0,0.0,0.0,0.0
6289626-0,dev,non_relevant,0,10,0.21128204464912415,0.0,0.0,0.0,0.0
6290001-0,test,non_relevant,0,10,0.6910020112991333,0.0,0.0,0.0,0.0
6290320#0,test,relevant,1,10,3.507391929626465,1.0,0.5,0.6309297535714575,0.6309297535714575
6295490-0,dev,non_relevant,0,10,-0.8964251279830933,0.0,0.0,0.0,0.0
6299711-0,test,non_relevant,0,10,2.536175489425659,0.0,0.0,0.0,0.0
6303993-0,test,non_relevant,0,10,2.935351848602295,0.0,0.0,0.0,0.0
6309539-0,test,non_relevant,0,10,3.966998338699341,0.0,0.0,0.0,0.0
6310120-0,test,non_relevant,0,10,1.297856330871582,0.0,0.0,0.0,0.0
6310326-0,dev,non_relevant,0,10,2.1827399730682373,0.0,0.0,0.0,0.0
6310714-0,dev,non_relevant,0,10,-1.0729906558990479,0.0,0.0,0.0,0.0
6310795-0,dev,non_relevant,0,10,3.681209087371826,0.0,0.0,0.0,0.0
631442#0,test,relevant,1,10,-3.541686534881592,1.0,0.0,0.43067655807339306,0.38685280723454163
6315839-0,dev,non_relevant,0,10,1.4943671226501465,0.0,0.0,0.0,0.0
6317075#0,test,relevant,1,10,7.948302268981934,1.0,0.5,1.0,1.0
6317339#0,test,relevant,1,10,4.044620513916016,0.0,1.0,0.5,0.38685280723454163
6318174#0,test,relevant,1,10,3.4647388458251953,0.7653606369886217,0.23463936301137822,1.0,0.7039180890341347
6323378#0,dev,relevant,1,10,3.9043850898742676,0.38685280723454163,0.5,0.6309297535714575,0.0
6325384-0,test,non_relevant,0,10,2.827582836151123,0.0,0.0,0.0,0.0
6326165#0,test,relevant,1,10,8.81071662902832,1.0,1.0,1.0,1.0
6326376-0,dev,non_relevant,0,10,4.646265983581543,0.0,0.0,0.0,0.0
632742-0,dev,non_relevant,0,10,1.8382670879364014,0.0,0.0,0.0,0.0
6331150#0,dev,relevant,1,10,3.750720500946045,0.7653606369886217,0.6508205185601091,0.9469024295259745,0.7328286204777911
6332489-0,test,non_relevant,0,10,3.012986183166504,0.0,0.0,0.0,0.0
633741#0,dev,relevant,1,10,8.563156127929688,0.7653606369886217,0.9469024295259745,0.7653606369886217,0.7653606369886217
6338911#0,test,relevant,1,10,7.0153961181640625,1.0,0.0,1.0,0.5
6342348#0,test,relevant,1,10,8.439162254333496,1.0,0.4912596920895758,0.8539316501572937,1.0
634280#0,dev,relevant,1,10,2.3805558681488037,0.43067655807339306,0.5,0.6309297535714575,1.0
6343297-0,dev,non_relevant,0,10,3.9373326301574707,0.0,0.0,0.0,0.0
6344970-0,dev,non_relevant,0,10,-3.95719575881958,0.0,0.0,0.0,0.0
634528-0,test,non_relevant,0,10,-0.8133698105812073,0.0,0.0,0.0,0.0
634632-0,test,non_relevant,0,10,-0.5939412117004395,0.0,0.0,0.0,0.0
6346575-0,test,non_relevant,0,10,-3.274506092071533,0.0,0.0,0.0,0.0
6348794-0,test,non_relevant,0,10,4.047183036804199,0.0,0.0,0.0,0.0
6348894-0,test,non_relevant,0,10,2.5218238830566406,0.0,0.0,0.0,0.0
6349539-0,test,non_relevant,0,10,3.1415388584136963,0.0,0.0,0.0,0.0
6349783-0,test,non_relevant,0,10,1.7162723541259766,0.0,0.0,0.0,0.0
6350254-0,dev,non_relevant,0,10,2.6806142330169678,0.0,0.0,0.0,0.0
6352019-0,test,non_relevant,0,10,3.910707473754883,0.0,0.0,0.0,0.0
6352788#0,test,relevant,1,10,8.54918384552002,0.38685280723454163,0.23719771276929622,0.38685280723454163,0.8503449055347546
6356064-0,test,non_relevant,0,10,3.5741653442382812,0.0,0.0,0.0,0.0
6356800-0,dev,non_relevant,0,10,1.6978039741516113,0.0,0.0,0.0,0.0
6358076-0,dev,non_relevant,0,10,1.470249056816101,0.0,0.0,0.0,0.0
6359284-0,test,non_relevant,0,10,2.6000478267669678,0.0,0.0,0.0,0.0
6363615#0,dev,relevant,1,10,5.421917915344238,1.0,0.38685280723454163,1.0,1.0
6364285-0,dev,non_relevant,0,10,2.1859264373779297,0.0,0.0,0.0,0.0
636702#0,test,relevant,1,10,0.9598645567893982,1.0,0.43067655807339306,1.0,1.0
6367177-0,dev,non_relevant,0,10,-0.6007500886917114,0.0,0.0,0.0,0.0
6367966-0,test,non_relevant,0,10,5.648056507110596,0.0,0.0,0.0,0.0
6369208#0,test,relevant,1,10,6.839468479156494,1.0,1.0,1.0,1.0
6369371#0,test,relevant,1,10,1.9091492891311646,1.0,1.0,1.0,1.0
6374819-0,test,non_relevant,0,10,3.79469633102417,0.0,0.0,0.0,0.0
6379780-0,test,non_relevant,0,10,-1.0850175619125366,0.0,0.0,0.0,0.0
638079-0,test,non_relevant,0,10,0.18389469385147095,0.0,0.0,0.0,0.0
638130#0,test,relevant,1,10,7.811466217041016,0.8687949224876582,0.6548086577531307,1.0,0.8687949224876582
6382380#0,test,relevant,1,10,7.164638519287109,1.0,0.6608397947263839,0.8539316501572937,1.0
6387821-0,test,non_relevant,0,10,-5.430838584899902,0.0,0.0,0.0,0.0
6388509-0,dev,non_relevant,0,10,3.2908554077148438,0.0,0.0,0.0,0.0
6393912-0,dev,non_relevant,0,10,2.8604464530944824,0.0,0.0,0.0,0.0
6393982-0,dev,non_relevant,0,10,-4.452986717224121,0.0,0.0,0.0,0.0
6395599-0,dev,non_relevant,0,10,7.177497863769531,0.0,0.0,0.0,0.0
639749-0,test,non_relevant,0,10,4.916548252105713,0.0,0.0,0.0,0.0
6397715-0,test,non_relevant,0,10,2.168901205062866,0.0,0.0,0.0,0.0
640049-0,dev,non_relevant,0,10,3.7510757446289062,0.0,0.0,0.0,0.0
6400508-0,test,non_relevant,0,10,4.709094047546387,0.0,0.0,0.0,0.0
6400991#0,dev,relevant,1,10,2.1124422550201416,0.7653606369886217,0.18154179253735267,0.7039180890341347,0.20210734650054757
6402503#0,dev,relevant,1,10,4.758072376251221,1.0,0.6309297535714575,1.0,1.0
6403914#0,test,relevant,1,10,4.790209770202637,0.43067655807339306,0.0,0.38685280723454163,0.5
6404963-0,test,non_relevant,0,10,3.0208048820495605,0.0,0.0,0.0,0.0
6406695-0,dev,non_relevant,0,10,-0.5964400768280029,0.0,0.0,0.0,0.0
6412757-0,dev,non_relevant,0,10,2.646989107131958,0.0,0.0,0.0,0.0
6414060-0,test,non_relevant,0,10,2.5953879356384277,0.0,0.0,0.0,0.0
6414757#0,dev,relevant,1,10,4.790907382965088,0.18154179253735267,0.41618115554873086,0.23463936301137822,0.49818925746641285
6417091#0,dev,relevant,1,10,3.1015517711639404,1.0,1.0,1.0,0.5
64216#0,dev,relevant,1,10,7.580986499786377,0.7227265726449519,0.16958010263680806,0.4912596920895758,0.8539316501572937
6425476#0,test,relevant,1,10,5.381537437438965,0.5855700749881525,0.75369761125927,0.75369761125927,0.5855700749881525
6426704-0,test,non_relevant,0,10,1.119566798210144,0.0,0.0,0.0,0.0
6427115-0,dev,non_relevant,0,10,6.333813667297363,0.0,0.0,0.0,0.0
6427920#0,test,relevant,1,10,5.668808937072754,0.7365896932159578,0.6366824387328317,0.5855700749881525,1.0
6428908-0,test,non_relevant,0,10,2.7946794033050537,0.0,0.0,0.0,0.0
643165-0,test,non_relevant,0,10,-2.45941424369812,0.0,0.0,0.0,0.0
6435755-0,test,non_relevant,0,10,3.843235969543457,0.0,0.0,0.0,0.0
6437018-0,test,non_relevant,0,10,1.8718870878219604,0.0,0.0,0.0,0.0
6443306-0,dev,non_relevant,0,10,0.5014344453811646,0.0,0.0,0.0,0.0
6449661-0,test,non_relevant,0,10,3.3723273277282715,0.0,0.0,0.0,0.0
6451768-0,dev,non_relevant,0,10,6.866720199584961,0.0,0.0,0.0,0.0
6461140-0,test,non_relevant,0,10,-2.6547045707702637,0.0,0.0,0.0,0.0
646229#0,test,relevant,1,10,9.135705947875977,0.7653606369886217,0.20210734650054757,0.46927872602275644,0.7653606369886217
6462426#0,test,relevant,1,10,6.907292366027832,0.6713860725233041,0.6713860725233041,0.6713860725233041,0.6713860725233041
6463354-0,dev,non_relevant,0,10,5.345720291137695,0.0,0.0,0.0,0.0
6466162#0,test,relevant,1,10,3.537545680999756,0.34519134224686937,0.5087403079104241,0.3156484524795145,0.14606834984270645
6466239#0,test,relevant,1,10,3.854875087738037,0.6309297535714575,0.5,0.6309297535714575,1.0
6467580-0,test,non_relevant,0,10,0.9846091270446777,0.0,0.0,0.0,0.0
6468434-0,test,non_relevant,0,10,1.6832802295684814,0.0,0.0,0.0,0.0
6469264-0,dev,non_relevant,0,10,2.369853973388672,0.0,0.0,0.0,0.0
647210#0,test,relevant,1,10,10.196762084960938,1.0,0.8503449055347546,1.0,1.0
647323-0,test,non_relevant,0,10,2.9350109100341797,0.0,0.0,0.0,0.0
6475138-0,test,non_relevant,0,10,0.53398597240448,0.0,0.0,0.0,0.0
6476060-0,test,non_relevant,0,10,0.26860058307647705,0.0,0.0,0.0,0.0
6480383-0,dev,non_relevant,0,10,1.664082646369934,0.0,0.0,0.0,0.0
6480978#0,test,relevant,1,10,2.895416259765625,0.38685280723454163,0.0,0.0,0.5
6481844#0,dev,relevant,1,8,4.229869365692139,0.49818925746641285,0.6713860725233041,0.6508205185601091,1.0
648301-0,test,non_relevant,0,10,0.06052080914378166,0.0,0.0,0.0,0.0
6484491-0,dev,non_relevant,0,10,2.5935816764831543,0.0,0.0,0.0,0.0
6485060-0,dev,non_relevant,0,10,4.166178226470947,0.0,0.0,0.0,0.0
648659-0,test,non_relevant,0,10,2.804410457611084,0.0,0.0,0.0,0.0
649416#0,test,relevant,1,10,2.689089298248291,0.5,0.0,0.43067655807339306,0.43067655807339306
6494806#0,test,relevant,1,10,5.881440162658691,1.0,0.6131471927654584,0.9197207891481876,0.9197207891481876
6496248-0,test,non_relevant,0,10,-5.886928558349609,0.0,0.0,0.0,0.0
6501980-0,dev,non_relevant,0,10,5.809391021728516,0.0,0.0,0.0,0.0
6502198-0,dev,non_relevant,0,10,1.3837631940841675,0.0,0.0,0.0,0.0
6504596#0,test,relevant,1,10,4.725703239440918,0.6509209298071326,0.9197207891481876,1.0,1.0
650802#0,dev,relevant,1,10,7.2906293869018555,0.48522855511632257,0.38356636737133565,0.639945385422766,0.6164336326286644
6508547-0,dev,non_relevant,0,10,0.6399010419845581,0.0,0.0,0.0,0.0
6511348#0,dev,relevant,1,10,6.1726975440979,0.7095272044910244,0.5855700749881525,0.5654495432396527,0.6366824387328317
6515619-0,dev,non_relevant,0,10,0.6818106174468994,0.0,0.0,0.0,0.0
6515801#0,test,relevant,1,10,6.07418155670166,0.3191471544989227,0.0,0.0,0.44149241373678083
6518769#0,dev,relevant,1,10,5.141292572021484,0.19519002499605084,0.3191471544989227,0.15101961822780524,0.19519002499605084
6519349-0,test,non_relevant,0,10,1.9604036808013916,0.0,0.0,0.0,0.0
652192#0,test,relevant,1,9,6.816188812255859,1.0,0.6309297535714575,1.0,1.0
6522970#0,dev,relevant,1,10,5.667278289794922,0.6131471927654584,0.2640681225725909,0.6131471927654584,1.0
6523434-0,test,non_relevant,0,10,5.205047607421875,0.0,0.0,0.0,0.0
6526810-0,test,non_relevant,0,10,3.763094902038574,0.0,0.0,0.0,0.0
6530715#0,dev,relevant,1,10,4.8649001121521,0.6366824387328317,0.0,0.4144299250118475,1.0
6533148-0,dev,non_relevant,0,10,3.0511422157287598,0.0,0.0,0.0,0.0
6533342#0,test,relevant,1,10,7.55894136428833,1.0,0.4703652827859579,0.7227265726449519,1.0
653913-0,dev,non_relevant,0,10,3.711322546005249,0.0,0.0,0.0,0.0
6543458-0,test,non_relevant,0,10,3.872676372528076,0.0,0.0,0.0,0.0
6544475#0,dev,relevant,1,10,5.817977428436279,0.3903800499921017,0.3973220069685352,0.3903800499921017,0.3903800499921017
6545094-0,test,non_relevant,0,10,-3.458005905151367,0.0,0.0,0.0,0.0
654709#0,dev,relevant,1,10,0.8651400804519653,0.6309297535714575,0.38685280723454163,0.5,0.38685280723454163
6548228-0,dev,non_relevant,0,10,0.7037296295166016,0.0,0.0,0.0,0.0
6551360-0,test,non_relevant,0,10,-2.8513834476470947,0.0,0.0,0.0,0.0
6551936#0,dev,relevant,1,10,5.099115371704102,0.9197207891481876,0.5706417189553201,1.0,1.0
6552781#0,dev,relevant,1,10,7.615563869476318,1.0,0.6309297535714575,1.0,1.0
6554353-0,test,non_relevant,0,10,5.066865921020508,0.0,0.0,0.0,0.0
6554624-0,dev,non_relevant,0,10,1.7797834873199463,0.0,0.0,0.0,0.0
6555821-0,test,non_relevant,0,10,4.136270523071289,0.0,0.0,0.0,0.0
6558146-0,test,non_relevant,0,10,5.7629594802856445,0.0,0.0,0.0,0.0
6558214-0,test,non_relevant,0,10,1.2972439527511597,0.0,0.0,0.0,0.0
6564715-0,dev,non_relevant,0,10,2.0190610885620117,0.0,0.0,0.0,0.0
6567154#0,dev,relevant,1,10,5.232602119445801,0.46927872602275644,0.0,0.0,0.2960819109658652
6568153#0,dev,relevant,1,10,4.493256092071533,1.0,0.6240505200038379,1.0,1.0
6568455-0,test,non_relevant,0,10,0.11398360878229141,0.0,0.0,0.0,0.0
6574533-0,dev,non_relevant,0,10,-1.1171205043792725,0.0,0.0,0.0,0.0
6574742-0,dev,non_relevant,0,10,2.00059175491333,0.0,0.0,0.0,0.0
658#0,dev,relevant,1,10,7.8877997398376465,1.0,0.18154179253735267,0.8529278650606567,1.0
658203-0,dev,non_relevant,0,10,0.8590346574783325,0.0,0.0,0.0,0.0
658288-0,dev,non_relevant,0,10,3.907560110092163,0.0,0.0,0.0,0.0
6583126-0,test,non_relevant,0,10,4.1596221923828125,0.0,0.0,0.0,0.0
6583370#0,test,relevant,1,10,5.42722749710083,1.0,1.0,1.0,1.0
659013-0,test,non_relevant,0,10,6.365396499633789,0.0,0.0,0.0,0.0
6590751-0,test,non_relevant,0,10,3.5524892807006836,0.0,0.0,0.0,0.0
6592040#0,test,relevant,1,10,3.386150360107422,1.0,0.0,0.3065735963827292,0.38685280723454163
6592581-0,dev,non_relevant,0,10,2.531784772872925,0.0,0.0,0.0,0.0
6592808-0,test,non_relevant,0,10,3.4705100059509277,0.0,0.0,0.0,0.0
6593171#0,dev,relevant,1,10,7.765837669372559,1.0,0.6509209298071326,1.0,1.0
6594161-0,dev,non_relevant,0,10,0.8145233988761902,0.0,0.0,0.0,0.0
6595664#0,dev,relevant,1,7,3.6453871726989746,0.6309297535714575,0.0,0.5,1.0
6595744#0,test,relevant,1,10,6.842767238616943,1.0,0.0,0.5,0.6309297535714575
6599118#0,test,relevant,1,9,3.916771411895752,0.8772153153380493,0.5706417189553201,0.6509209298071326,0.5706417189553201
6601074-0,test,non_relevant,0,10,-4.78564453125,0.0,0.0,0.0,0.0
6604661#0,test,relevant,1,10,6.542819023132324,1.0,0.6131471927654584,0.9197207891481876,1.0
660589-0,dev,non_relevant,0,10,6.4354143142700195,0.0,0.0,0.0,0.0
6607913-0,test,non_relevant,0,10,3.788907289505005,0.0,0.0,0.0,0.0
6610178-0,dev,non_relevant,0,10,3.4222192764282227,0.0,0.0,0.0,0.0
66110#0,test,relevant,1,10,5.564535617828369,0.8503449055347546,0.0,0.38685280723454163,0.6509209298071326
6611696-0,test,non_relevant,0,10,1.4991061687469482,0.0,0.0,0.0,0.0
6618002-0,dev,non_relevant,0,10,1.6329073905944824,0.0,0.0,0.0,0.0
6620112#0,test,relevant,1,10,5.2964348793029785,1.0,0.2640681225725909,1.0,1.0
6621215-0,dev,non_relevant,0,10,1.2103426456451416,0.0,0.0,0.0,0.0
6623443#0,test,relevant,1,10,4.793213844299316,1.0,0.9197207891481876,1.0,1.0
662755-0,dev,non_relevant,0,10,1.9089529514312744,0.0,0.0,0.0,0.0
6628103-0,dev,non_relevant,0,10,4.805205345153809,0.0,0.0,0.0,0.0
6628609#0,dev,relevant,1,10,3.6162283420562744,1.0,0.2640681225725909,1.0,1.0
6632347-0,test,non_relevant,0,10,-3.634706497192383,0.0,0.0,0.0,0.0
6633148#0,test,relevant,1,10,5.012977123260498,0.5706417189553201,0.0,0.0,0.2640681225725909
6635707-0,dev,non_relevant,0,10,5.844989776611328,0.0,0.0,0.0,0.0
6641348#0,test,relevant,1,10,3.894362449645996,1.0,0.0,0.6309297535714575,1.0
6641641-0,dev,non_relevant,0,10,7.4592766761779785,0.0,0.0,0.0,0.0
6645769#0,test,relevant,1,10,4.660090923309326,0.8503449055347546,0.3065735963827292,0.6934264036172708,1.0
6647758-0,dev,non_relevant,0,10,1.0410575866699219,0.0,0.0,0.0,0.0
6647919#0,dev,relevant,1,9,5.3524346351623535,1.0,0.0,0.6309297535714575,0.5
6653871-0,dev,non_relevant,0,10,0.4996902346611023,0.0,0.0,0.0,0.0
6654234-0,test,non_relevant,0,10,3.6322126388549805,0.0,0.0,0.0,0.0
6657176-0,test,non_relevant,0,10,2.9495930671691895,0.0,0.0,0.0,0.0
6663762-0,test,non_relevant,0,10,0.4546377956867218,0.0,0.0,0.0,0.0
666973#0,test,relevant,1,10,4.880292892456055,1.0,0.0,0.6309297535714575,1.0
667006-0,dev,non_relevant,0,10,2.27466082572937,0.0,0.0,0.0,0.0
6672528-0,test,non_relevant,0,10,2.51303768157959,0.0,0.0,0.0,0.0
6676990#0,test,relevant,1,10,1.0650590658187866,0.6509209298071326,0.38685280723454163,0.8772153153380493,0.5437713091520254
6678041-0,test,non_relevant,0,10,4.606420516967773,0.0,0.0,0.0,0.0
6682425-0,test,non_relevant,0,10,5.961814880371094,0.0,0.0,0.0,0.0
6685080-0,dev,non_relevant,0,10,4.934478759765625,0.0,0.0,0.0,0.0
6689059-0,test,non_relevant,0,10,0.6418364644050598,0.0,0.0,0.0,0.0
6691207-0,dev,non_relevant,0,10,7.13270378112793,0.0,0.0,0.0,0.0
6693404-0,test,non_relevant,0,10,4.902291297912598,0.0,0.0,0.0,0.0
6693440-0,dev,non_relevant,0,10,1.5643991231918335,0.0,0.0,0.0,0.0
6693649-0,test,non_relevant,0,10,3.2884504795074463,0.0,0.0,0.0,0.0
6697596-0,dev,non_relevant,0,10,0.4838846027851105,0.0,0.0,0.0,0.0
6702317-0,test,non_relevant,0,10,5.976487636566162,0.0,0.0,0.0,0.0
670446-0,test,non_relevant,0,10,4.911187648773193,0.0,0.0,0.0,0.0
6710960#0,dev,relevant,1,10,4.809313774108887,1.0,0.43067655807339306,1.0,1.0
6712652-0,test,non_relevant,0,10,-2.411412000656128,0.0,0.0,0.0,0.0
6713602-0,test,non_relevant,0,10,1.493392825126648,0.0,0.0,0.0,0.0
671447#0,test,relevant,1,10,4.89203405380249,1.0,0.5,1.0,0.5
6715172-0,dev,non_relevant,0,10,-1.5881236791610718,0.0,0.0,0.0,0.0
6716603-0,dev,non_relevant,0,10,0.23330971598625183,0.0,0.0,0.0,0.0
6717954#0,test,relevant,1,10,4.361919403076172,0.787702056960637,0.3191471544989227,0.4144299250118475,0.7365896932159578
6722273-0,test,non_relevant,0,10,0.7675093412399292,0.0,0.0,0.0,0.0
6722438-0,dev,non_relevant,0,10,0.8771242499351501,0.0,0.0,0.0,0.0
6722585-0,dev,non_relevant,0,10,2.015296459197998,0.0,0.0,0.0,0.0
67238-0,dev,non_relevant,0,10,-0.5765061378479004,0.0,0.0,0.0,0.0
6726344#0,test,relevant,1,10,2.5537586212158203,0.6934264036172708,0.0,0.0,0.6934264036172708
6727004-0,dev,non_relevant,0,10,0.7765386700630188,0.0,0.0,0.0,0.0
673245-0,dev,non_relevant,0,10,3.7662220001220703,0.0,0.0,0.0,0.0
6734076-0,dev,non_relevant,0,10,-2.0807859897613525,0.0,0.0,0.0,0.0
67347#0,dev,relevant,1,10,5.601650714874268,0.5,0.0,0.5,1.0
674078#0,dev,relevant,1,10,5.760818004608154,1.0,0.23463936301137822,0.8529278650606567,1.0
6743551#0,dev,relevant,1,10,9.37773323059082,0.787702056960637,0.24630238874073,0.44149241373678083,1.0
6745931#0,test,relevant,1,10,2.3542871475219727,0.6934264036172708,0.0,0.38685280723454163,0.8503449055347546
6746298#0,test,relevant,1,10,-0.045209746807813644,0.6309297535714575,0.38685280723454163,1.0,0.5
6749245-0,test,non_relevant,0,10,-1.0381388664245605,0.0,0.0,0.0,0.0
6753474-0,dev,non_relevant,0,10,4.608504295349121,0.0,0.0,0.0,0.0
6754550-0,dev,non_relevant,0,10,4.044704914093018,0.0,0.0,0.0,0.0
675619#0,test,relevant,1,10,4.481756210327148,0.38685280723454163,0.3065735963827292,0.6131471927654584,0.38685280723454163
675853#0,test,relevant,1,10,7.986405849456787,0.9674679834891693,0.5307212739772434,0.7653606369886217,1.0
6763705-0,test,non_relevant,0,10,2.160518169403076,0.0,0.0,0.0,0.0
6764696-0,test,non_relevant,0,10,-2.2460694313049316,0.0,0.0,0.0,0.0
6765541-0,test,non_relevant,0,10,1.0111736059188843,0.0,0.0,0.0,0.0
6770078-0,dev,non_relevant,0,10,1.4849653244018555,0.0,0.0,0.0,0.0
677201#0,test,relevant,1,10,1.5207695960998535,1.0,0.6131471927654584,0.8772153153380493,1.0
6772358-0,test,non_relevant,0,10,5.157464981079102,0.0,0.0,0.0,0.0
6773555#0,test,relevant,1,10,7.826288223266602,1.0,0.8503449055347546,0.9197207891481876,1.0
677638-0,test,non_relevant,0,10,0.8521155118942261,0.0,0.0,0.0,0.0
678091-0,test,non_relevant,0,10,-0.4164995551109314,0.0,0.0,0.0,0.0
6781564-0,dev,non_relevant,0,10,1.8068910837173462,0.0,0.0,0.0,0.0
6783206-0,dev,non_relevant,0,10,0.26251381635665894,0.0,0.0,0.0,0.0
678541#0,dev,relevant,1,10,5.985050201416016,1.0,0.0,0.6309297535714575,1.0
6787251#0,test,relevant,1,9,4.731174468994141,0.9197207891481876,0.5706417189553201,0.9197207891481876,0.6934264036172708
678916-0,dev,non_relevant,0,10,5.956788063049316,0.0,0.0,0.0,0.0
6789659#0,dev,relevant,1,10,9.517533302307129,0.8318724637288826,0.16812753627111746,0.5585075862632192,0.8048099750039491
6791783-0,test,non_relevant,0,10,1.6248325109481812,0.0,0.0,0.0,0.0
679492-0,dev,non_relevant,0,10,7.0996599197387695,0.0,0.0,0.0,0.0
6796641-0,test,non_relevant,0,10,0.1733769178390503,0.0,0.0,0.0,0.0
6804239#0,test,relevant,1,10,5.28355598449707,0.6713860725233041,0.20210734650054757,0.7653606369886217,0.9469024295259745
6805602-0,dev,non_relevant,0,10,-2.2145209312438965,0.0,0.0,0.0,0.0
6806403-0,dev,non_relevant,0,10,3.261918783187866,0.0,0.0,0.0,0.0
681144#0,test,relevant,1,10,8.47511100769043,0.9060254355346823,0.6508205185601091,0.8854598815714874,1.0
6816105-0,dev,non_relevant,0,10,5.2063093185424805,0.0,0.0,0.0,0.0
6817985#0,dev,relevant,1,10,6.256289482116699,1.0,0.6309297535714575,0.6309297535714575,1.0
6820133-0,test,non_relevant,0,10,-0.05489726364612579,0.0,0.0,0.0,0.0
6820145-0,dev,non_relevant,0,10,-2.68613338470459,0.0,0.0,0.0,0.0
682385#0,dev,relevant,1,10,4.099179267883301,0.6508205185601091,0.46927872602275644,0.4776237035032179,0.8529278650606567
6824663-0,test,non_relevant,0,10,2.1316957473754883,0.0,0.0,0.0,0.0
6827260-0,dev,non_relevant,0,10,2.404757022857666,0.0,0.0,0.0,0.0
6828417-0,test,non_relevant,0,10,1.0234928131103516,0.0,0.0,0.0,0.0
6829838-0,test,non_relevant,0,10,4.825657844543457,0.0,0.0,0.0,0.0
6830985-0,test,non_relevant,0,10,1.9679627418518066,0.0,0.0,0.0,0.0
6840170#0,test,relevant,1,10,3.3714258670806885,0.6309297535714575,0.0,0.6309297535714575,0.43067655807339306
6841715-0,dev,non_relevant,0,10,1.3601336479187012,0.0,0.0,0.0,0.0
6843151#0,test,relevant,1,10,5.400908470153809,0.9674679834891693,0.20210734650054757,0.6713860725233041,0.9469024295259745
6845594-0,test,non_relevant,0,10,3.5395002365112305,0.0,0.0,0.0,0.0
685710-0,test,non_relevant,0,10,3.788433313369751,0.0,0.0,0.0,0.0
6859051#0,test,relevant,1,10,6.055651664733887,0.6509209298071326,0.3065735963827292,0.6240505200038379,0.8772153153380493
6859522#0,dev,relevant,1,10,7.254724502563477,0.7653606369886217,0.18154179253735267,0.7653606369886217,0.9674679834891693
6860670#0,test,relevant,1,10,5.949512958526611,0.38685280723454163,0.0,0.0,1.0
686179-0,test,non_relevant,0,10,5.0576934814453125,0.0,0.0,0.0,0.0
686284#0,test,relevant,1,10,5.373048305511475,0.6309297535714575,0.6309297535714575,1.0,0.5
686292-0,test,non_relevant,0,10,3.5106489658355713,0.0,0.0,0.0,0.0
6864829-0,test,non_relevant,0,10,2.1313982009887695,0.0,0.0,0.0,0.0
6869590-0,test,non_relevant,0,10,0.4439997673034668,0.0,0.0,0.0,0.0
6869991-0,test,non_relevant,0,10,5.534297943115234,0.0,0.0,0.0,0.0
687030#0,test,relevant,1,10,3.5354743003845215,0.0,1.0,0.6309297535714575,0.6309297535714575
6870838-0,test,non_relevant,0,10,2.5135977268218994,0.0,0.0,0.0,0.0
6876460-0,test,non_relevant,0,10,4.612354755401611,0.0,0.0,0.0,0.0
6876889-0,dev,non_relevant,0,10,1.099795937538147,0.0,0.0,0.0,0.0
6878076#0,dev,relevant,1,10,9.665201187133789,1.0,1.0,1.0,1.0
6878841-0,test,non_relevant,0,10,6.357035160064697,0.0,0.0,0.0,0.0
6879386-0,test,non_relevant,0,10,9.047297477722168,0.0,0.0,0.0,0.0
6879435#0,dev,relevant,1,10,9.693819046020508,0.6366824387328317,0.3903800499921017,0.5585075862632192,0.5855700749881525
687969#0,test,relevant,1,10,2.1301181316375732,0.43067655807339306,0.5,0.43067655807339306,1.0
6880571-0,test,non_relevant,0,10,1.2073206901550293,0.0,0.0,0.0,0.0
6882916-0,test,non_relevant,0,10,2.4808895587921143,0.0,0.0,0.0,0.0
6883934-0,dev,non_relevant,0,10,2.932147264480591,0.0,0.0,0.0,0.0
6886507-0,test,non_relevant,0,10,1.1112874746322632,0.0,0.0,0.0,0.0
6887229-0,test,non_relevant,0,10,-2.0239052772521973,0.0,0.0,0.0,0.0
6888714-0,dev,non_relevant,0,10,6.007577896118164,0.0,0.0,0.0,0.0
6891752#0,test,relevant,1,10,4.375882148742676,1.0,0.0,0.6309297535714575,1.0
6893235-0,test,non_relevant,0,10,-0.18150706589221954,0.0,0.0,0.0,0.0
6894726-0,dev,non_relevant,0,10,3.0572879314422607,0.0,0.0,0.0,0.0
6898612-0,dev,non_relevant,0,10,4.723756790161133,0.0,0.0,0.0,0.0
6899658-0,test,non_relevant,0,10,1.470308542251587,0.0,0.0,0.0,0.0
689987#0,test,relevant,1,10,2.2206149101257324,1.0,0.5012658353418871,0.9197207891481876,1.0
690155-0,dev,non_relevant,0,10,7.136619567871094,0.0,0.0,0.0,0.0
6901883#0,test,relevant,1,10,5.317700386047363,0.6713860725233041,0.20210734650054757,0.46927872602275644,0.8854598815714874
6902652-0,test,non_relevant,0,10,3.450958251953125,0.0,0.0,0.0,0.0
690326#0,test,relevant,1,10,5.241024971008301,0.49818925746641285,0.0,0.4367467095119258,0.46927872602275644
6905248#0,test,relevant,1,10,5.378875255584717,1.0,0.23719771276929622,0.6240505200038379,1.0
6906521-0,test,non_relevant,0,10,2.578819751739502,0.0,0.0,0.0,0.0
6909136-0,dev,non_relevant,0,10,1.0192610025405884,0.0,0.0,0.0,0.0
6911039#0,dev,relevant,1,9,5.225596904754639,0.75369761125927,0.44149241373678083,0.44149241373678083,1.0
6912692-0,dev,non_relevant,0,10,3.5064332485198975,0.0,0.0,0.0,0.0
691525#0,test,relevant,1,10,4.684950828552246,0.9197207891481876,0.23719771276929622,0.8772153153380493,0.8772153153380493
6915267-0,test,non_relevant,0,10,4.908763408660889,0.0,0.0,0.0,0.0
691770-0,dev,non_relevant,0,10,0.4172098636627197,0.0,0.0,0.0,0.0
6918258-0,test,non_relevant,0,10,0.12684887647628784,0.0,0.0,0.0,0.0
6918500-0,test,non_relevant,0,10,2.561551332473755,0.0,0.0,0.0,0.0
6920777-0,dev,non_relevant,0,10,8.978609085083008,0.0,0.0,0.0,0.0
6923143-0,dev,non_relevant,0,10,3.1159989833831787,0.0,0.0,0.0,0.0
692572-0,dev,non_relevant,0,10,1.746350884437561,0.0,0.0,0.0,0.0
6929445#0,dev,relevant,1,10,3.9117178916931152,0.9197207891481876,0.8772153153380493,1.0,0.6934264036172708
6930896#0,dev,relevant,1,8,1.750457763671875,1.0,0.0,0.0,1.0
693560-0,test,non_relevant,0,10,7.4674201011657715,0.0,0.0,0.0,0.0
6937902#0,test,relevant,1,9,5.332306385040283,0.7860137352654724,0.7227265726449519,0.830419897363192,1.0
694171#0,test,relevant,1,10,6.246560096740723,1.0,0.43067655807339306,0.6309297535714575,1.0
6947569-0,dev,non_relevant,0,10,-3.288437843322754,0.0,0.0,0.0,0.0
6947878#0,dev,relevant,1,7,3.568683385848999,0.6509209298071326,0.5706417189553201,0.5706417189553201,0.6934264036172708
694828-0,dev,non_relevant,0,10,4.970722198486328,0.0,0.0,0.0,0.0
694927-0,test,non_relevant,0,10,-1.462420105934143,0.0,0.0,0.0,0.0
6951459-0,test,non_relevant,0,10,-0.9317879676818848,0.0,0.0,0.0,0.0
6956761#0,test,relevant,1,10,8.731918334960938,0.75369761125927,0.8048099750039491,0.75369761125927,0.7095272044910244
6960093#0,dev,relevant,1,10,5.09608268737793,1.0,0.5437713091520254,0.9197207891481876,1.0
697013-0,test,non_relevant,0,10,-0.4064413905143738,0.0,0.0,0.0,0.0
6971824-0,test,non_relevant,0,10,1.7476439476013184,0.0,0.0,0.0,0.0
697470#0,dev,relevant,1,10,9.26511287689209,1.0,0.23719771276929622,0.6131471927654584,1.0
6975607#0,dev,relevant,1,10,5.071224689483643,1.0,0.5,1.0,1.0
6977654#0,test,relevant,1,10,5.996819972991943,0.9558295932317544,0.5143371794949736,1.0,1.0
6980084#0,test,relevant,1,10,7.265110969543457,1.0,0.0,0.23719771276929622,1.0
6980965-0,dev,non_relevant,0,10,3.46382999420166,0.0,0.0,0.0,0.0
698476-0,dev,non_relevant,0,10,1.0795960426330566,0.0,0.0,0.0,0.0
6987045#0,test,relevant,1,10,3.6447291374206543,0.38685280723454163,0.23719771276929622,0.0,0.6509209298071326
6988973-0,dev,non_relevant,0,10,0.6788597106933594,0.0,0.0,0.0,0.0
6990126-0,test,non_relevant,0,10,3.626695394515991,0.0,0.0,0.0,0.0
6990289-0,dev,non_relevant,0,10,5.712337017059326,0.0,0.0,0.0,0.0
6990558#0,test,relevant,1,10,0.6071872711181641,0.6992148198508501,0.8687949224876582,0.8539316501572937,1.0
6992200-0,dev,non_relevant,0,10,2.263526439666748,0.0,0.0,0.0,0.0
6992361#0,dev,relevant,1,10,5.827213287353516,0.6797310500037655,0.0,0.2960819109658652,0.2960819109658652
699652-0,dev,non_relevant,0,10,-0.7774190902709961,0.0,0.0,0.0,0.0
6997368-0,dev,non_relevant,0,10,2.7489027976989746,0.0,0.0,0.0,0.0
699798#0,dev,relevant,1,10,6.3453369140625,1.0,1.0,1.0,1.0
6998689#0,test,relevant,1,10,5.972264766693115,1.0,0.4703652827859579,0.8687949224876582,1.0
7002910-0,dev,non_relevant,0,10,5.532675743103027,0.0,0.0,0.0,0.0
7002965-0,test,non_relevant,0,10,1.5598043203353882,0.0,0.0,0.0,0.0
700434-0,dev,non_relevant,0,10,3.622128486633301,0.0,0.0,0.0,0.0
700464-0,dev,non_relevant,0,10,0.15890401601791382,0.0,0.0,0.0,0.0
7006458-0,dev,non_relevant,0,10,5.219141960144043,0.0,0.0,0.0,0.0
7008822#0,dev,relevant,1,10,7.385290622711182,0.5012658353418871,0.0,0.0,0.2640681225725909
701094-0,dev,non_relevant,0,10,3.532177448272705,0.0,0.0,0.0,0.0
7013953-0,dev,non_relevant,0,10,-3.8123321533203125,0.0,0.0,0.0,0.0
701833-0,test,non_relevant,0,10,3.152174949645996,0.0,0.0,0.0,0.0
7019032#0,dev,relevant,1,10,0.922516942024231,1.0,0.0,0.6934264036172708,0.9197207891481876
7019284#0,test,relevant,1,10,6.687536239624023,1.0,1.0,1.0,1.0
7020956-0,test,non_relevant,0,10,4.1187744140625,0.0,0.0,0.0,0.0
7023860#0,dev,relevant,1,10,4.51169490814209,0.4703652827859579,0.14606834984270645,0.27727342735504823,0.7227265726449519
7026694-0,test,non_relevant,0,10,3.243048906326294,0.0,0.0,0.0,0.0
702716-0,test,non_relevant,0,10,0.3380497694015503,0.0,0.0,0.0,0.0
7028265-0,dev,non_relevant,0,10,3.8700644969940186,0.0,0.0,0.0,0.0
7029997-0,test,non_relevant,0,10,-3.1821017265319824,0.0,0.0,0.0,0.0
7031553#0,test,relevant,1,10,6.746860980987549,0.7653606369886217,0.4367467095119258,0.8529278650606567,0.8854598815714874
703409-0,test,non_relevant,0,10,4.638915538787842,0.0,0.0,0.0,0.0
703616#0,test,relevant,1,10,4.495223045349121,1.0,0.5437713091520254,0.6934264036172708,0.9197207891481876
7038114-0,dev,non_relevant,0,10,6.349339962005615,0.0,0.0,0.0,0.0
703928-0,test,non_relevant,0,10,-2.9556422233581543,0.0,0.0,0.0,0.0
7042485-0,test,non_relevant,0,10,-0.6432991027832031,0.0,0.0,0.0,0.0
7045211-0,test,non_relevant,0,10,-0.24982842803001404,0.0,0.0,0.0,0.0
7047019-0,test,non_relevant,0,10,2.062612533569336,0.0,0.0,0.0,0.0
7047467#0,dev,relevant,1,10,5.1469831466674805,1.0,0.27727342735504823,0.6548086577531307,1.0
7049490-0,test,non_relevant,0,10,0.3552701473236084,0.0,0.0,0.0,0.0
705051#0,dev,relevant,1,10,6.056943416595459,0.9469024295259745,0.5307212739772434,0.7653606369886217,0.7328286204777911
7051625-0,dev,non_relevant,0,10,1.2213850021362305,0.0,0.0,0.0,0.0
705326-0,test,non_relevant,0,10,-2.0194175243377686,0.0,0.0,0.0,0.0
7053394-0,test,non_relevant,0,10,5.166900634765625,0.0,0.0,0.0,0.0
7054680-0,dev,non_relevant,0,10,1.5753815174102783,0.0,0.0,0.0,0.0
7056919#0,test,relevant,1,10,3.0114216804504395,0.7860137352654724,0.14606834984270645,0.4703652827859579,0.7227265726449519
7056929-0,dev,non_relevant,0,10,3.400617837905884,0.0,0.0,0.0,0.0
7062103#0,test,relevant,1,10,7.097211837768555,1.0,0.0,0.5,1.0
7062292#0,dev,relevant,1,10,6.4992265701293945,0.6131471927654584,0.6131471927654584,0.6934264036172708,0.6131471927654584
7064742#0,dev,relevant,1,10,4.36316442489624,0.4776237035032179,0.0,0.23463936301137822,0.7653606369886217
7066052-0,dev,non_relevant,0,10,-0.7209109663963318,0.0,0.0,0.0,0.0
7066928-0,dev,non_relevant,0,10,4.885824203491211,0.0,0.0,0.0,0.0
7067721-0,test,non_relevant,0,10,-4.100708484649658,0.0,0.0,0.0,0.0
7070837-0,dev,non_relevant,0,10,2.342109441757202,0.0,0.0,0.0,0.0
7071826-0,test,non_relevant,0,10,2.702307939529419,0.0,0.0,0.0,0.0
7072142#0,test,relevant,1,10,1.1491731405258179,0.0,0.0,0.0,0.0
7074144#0,test,relevant,1,10,4.095478057861328,0.9674679834891693,0.6508205185601091,0.7653606369886217,1.0
7074783#0,dev,relevant,1,10,4.176048278808594,0.830419897363192,0.27727342735504823,0.38356636737133565,1.0
7074848-0,test,non_relevant,0,10,0.14251330494880676,0.0,0.0,0.0,0.0
7075171#0,dev,relevant,1,10,4.349206924438477,0.6309297535714575,1.0,1.0,1.0
7075361#0,dev,relevant,1,10,6.13798713684082,0.9060254355346823,0.4367467095119258,0.7653606369886217,0.8529278650606567
7078773#0,test,relevant,1,10,1.9082293510437012,1.0,0.6309297535714575,1.0,1.0
7088178#0,test,relevant,1,10,5.066634178161621,1.0,0.6131471927654584,0.9197207891481876,1.0
7091652-0,dev,non_relevant,0,10,-1.7994359731674194,0.0,0.0,0.0,0.0
7092005#0,dev,relevant,1,10,5.001875877380371,1.0,0.0,1.0,1.0
709530-0,dev,non_relevant,0,10,1.488692045211792,0.0,0.0,0.0,0.0
7095540-0,test,non_relevant,0,10,-0.8525590896606445,0.0,0.0,0.0,0.0
7097443-0,dev,non_relevant,0,10,-1.4943323135375977,0.0,0.0,0.0,0.0
7098158-0,dev,non_relevant,0,10,7.134218215942383,0.0,0.0,0.0,0.0
7101744-0,dev,non_relevant,0,10,7.559695243835449,0.0,0.0,0.0,0.0
7102614-0,dev,non_relevant,0,10,1.2863905429840088,0.0,0.0,0.0,0.0
7104247#0,test,relevant,1,10,3.9877734184265137,1.0,0.3065735963827292,0.6240505200038379,0.9197207891481876
7105532-0,test,non_relevant,0,10,3.1243679523468018,0.0,0.0,0.0,0.0
7107849#0,dev,relevant,1,10,5.802547454833984,1.0,0.5087403079104241,0.830419897363192,1.0
710857#0,test,relevant,1,10,3.0260019302368164,0.5,0.0,0.0,0.43067655807339306
711014-0,test,non_relevant,0,10,4.837523460388184,0.0,0.0,0.0,0.0
711037#0,test,relevant,1,10,2.8332459926605225,0.0,0.0,0.0,0.38685280723454163
7114938#0,test,relevant,1,10,2.2265126705169678,0.6509209298071326,0.38685280723454163,0.6509209298071326,1.0
711523-0,dev,non_relevant,0,10,2.495022773742676,0.0,0.0,0.0,0.0
7116765#0,test,relevant,1,10,7.20574951171875,1.0,0.2640681225725909,1.0,1.0
7117181-0,test,non_relevant,0,10,1.0225141048431396,0.0,0.0,0.0,0.0
7118833#0,dev,relevant,1,10,7.75953483581543,0.830419897363192,0.6992148198508501,0.7860137352654724,0.7860137352654724
7120784-0,dev,non_relevant,0,10,4.582938194274902,0.0,0.0,0.0,0.0
7121992-0,test,non_relevant,0,10,0.5866257548332214,0.0,0.0,0.0,0.0
7122066#0,dev,relevant,1,10,2.1606216430664062,0.5,0.0,0.0,0.6309297535714575
7122606#0,dev,relevant,1,10,3.3860836029052734,0.0,0.0,0.38685280723454163,0.0
7124040-0,dev,non_relevant,0,10,6.134836196899414,0.0,0.0,0.0,0.0
7125437-0,dev,non_relevant,0,10,1.2693663835525513,0.0,0.0,0.0,0.0
7127326#0,test,relevant,1,10,4.971540451049805,1.0,0.15101961822780524,0.44149241373678083,0.9047172294870751
7128029-0,test,non_relevant,0,10,4.7223100662231445,0.0,0.0,0.0,0.0
7129373-0,test,non_relevant,0,10,2.7114334106445312,0.0,0.0,0.0,0.0
7132108-0,test,non_relevant,0,10,3.4804227352142334,0.0,0.0,0.0,0.0
7133447-0,dev,non_relevant,0,10,4.862215995788574,0.0,0.0,0.0,0.0
7134-0,test,non_relevant,0,10,3.1316137313842773,0.0,0.0,0.0,0.0
7134493-0,test,non_relevant,0,10,2.1758744716644287,0.0,0.0,0.0,0.0
7134911-0,dev,non_relevant,0,10,2.5246310234069824,0.0,0.0,0.0,0.0
7135335-0,dev,non_relevant,0,10,1.3892407417297363,0.0,0.0,0.0,0.0
7135386#0,test,relevant,1,10,7.451529502868652,1.0,0.6309297535714575,1.0,0.6309297535714575
7135525#0,test,relevant,1,10,0.05470917373895645,1.0,0.38685280723454163,1.0,1.0
7135727#0,test,relevant,1,10,0.670120358467102,1.0,0.6309297535714575,1.0,1.0
7140032#0,test,relevant,1,10,6.299334526062012,0.830419897363192,0.14606834984270645,0.4468535299918563,0.7227265726449519
7145847-0,dev,non_relevant,0,10,-6.3857526779174805,0.0,0.0,0.0,0.0
7147849-0,test,non_relevant,0,10,2.7909224033355713,0.0,0.0,0.0,0.0
7148009-0,test,non_relevant,0,10,4.863194465637207,0.0,0.0,0.0,0.0
714807-0,dev,non_relevant,0,10,5.197410583496094,0.0,0.0,0.0,0.0
714925-0,dev,non_relevant,0,10,3.7065939903259277,0.0,0.0,0.0,0.0
715029#0,test,relevant,1,10,5.5388007164001465,1.0,0.43067655807339306,1.0,1.0
7150887-0,dev,non_relevant,0,10,-2.671349048614502,0.0,0.0,0.0,0.0
7152682-0,dev,non_relevant,0,10,2.3297338485717773,0.0,0.0,0.0,0.0
7153168-0,test,non_relevant,0,10,1.2350925207138062,0.0,0.0,0.0,0.0
7153643-0,dev,non_relevant,0,10,2.301636219024658,0.0,0.0,0.0,0.0
7154950-0,test,non_relevant,0,10,-0.957072913646698,0.0,0.0,0.0,0.0
7155749#0,test,relevant,1,10,6.988287448883057,1.0,0.9060254355346823,1.0,1.0
7155909#0,test,relevant,1,10,3.8558473587036133,0.6309297535714575,0.0,0.5,1.0
7162382#0,test,relevant,1,10,2.627330780029297,0.6309297535714575,0.0,0.6309297535714575,0.43067655807339306
7163594-0,test,non_relevant,0,10,1.8998510837554932,0.0,0.0,0.0,0.0
7163801#0,test,relevant,1,10,4.410193920135498,0.8772153153380493,0.0,0.38685280723454163,0.38685280723454163
7164463#0,test,relevant,1,10,7.194687366485596,1.0,0.43067655807339306,1.0,1.0
716585-0,dev,non_relevant,0,10,3.0403051376342773,0.0,0.0,0.0,0.0
7170038#0,dev,relevant,1,10,6.737709999084473,0.9197207891481876,0.2640681225725909,0.8772153153380493,1.0
7172651-0,dev,non_relevant,0,10,0.9360262155532837,0.0,0.0,0.0,0.0
7175644-0,dev,non_relevant,0,10,3.747680425643921,0.0,0.0,0.0,0.0
7181562-0,test,non_relevant,0,10,3.409053087234497,0.0,0.0,0.0,0.0
7181703-0,dev,non_relevant,0,10,3.467116355895996,0.0,0.0,0.0,0.0
718186-0,test,non_relevant,0,10,7.596449851989746,0.0,0.0,0.0,0.0
7181926-0,test,non_relevant,0,10,-1.5807421207427979,0.0,0.0,0.0,0.0
7184169-0,dev,non_relevant,0,10,2.7268123626708984,0.0,0.0,0.0,0.0
7185209#0,test,relevant,1,10,5.755858421325684,1.0,0.0,0.6309297535714575,1.0
7186344-0,dev,non_relevant,0,10,4.656747817993164,0.0,0.0,0.0,0.0
7188185#0,test,relevant,1,10,5.506808280944824,0.6309297535714575,0.0,0.38685280723454163,1.0
7192838-0,test,non_relevant,0,10,2.893177032470703,0.0,0.0,0.0,0.0
7199012-0,test,non_relevant,0,10,4.370381832122803,0.0,0.0,0.0,0.0
7201844#0,test,relevant,1,10,4.761965274810791,0.6509209298071326,1.0,1.0,0.8772153153380493
7203005#0,test,relevant,1,10,5.905892372131348,1.0,0.0,0.23719771276929622,0.9197207891481876
7203025-0,test,non_relevant,0,10,3.612156391143799,0.0,0.0,0.0,0.0
7203357-0,test,non_relevant,0,10,0.09456300735473633,0.0,0.0,0.0,0.0
7204121-0,test,non_relevant,0,10,2.405459403991699,0.0,0.0,0.0,0.0
7204377-0,test,non_relevant,0,10,-0.3074495792388916,0.0,0.0,0.0,0.0
7205756-0,dev,non_relevant,0,10,1.7655158042907715,0.0,0.0,0.0,0.0
7212198-0,test,non_relevant,0,10,3.261669635772705,0.0,0.0,0.0,0.0
72147-0,dev,non_relevant,0,10,0.7300103902816772,0.0,0.0,0.0,0.0
7217328#0,test,relevant,1,10,5.819573402404785,0.7653606369886217,0.7039180890341347,0.7653606369886217,0.9674679834891693
721785-0,test,non_relevant,0,10,1.091393232345581,0.0,0.0,0.0,0.0
721854-0,dev,non_relevant,0,10,3.6209444999694824,0.0,0.0,0.0,0.0
7219599-0,dev,non_relevant,0,10,5.0461931228637695,0.0,0.0,0.0,0.0
7222036#0,test,relevant,1,10,7.058362007141113,1.0,0.5012658353418871,0.6934264036172708,1.0
7225654-0,test,non_relevant,0,10,4.744915962219238,0.0,0.0,0.0,0.0
722969-0,dev,non_relevant,0,10,4.173408031463623,0.0,0.0,0.0,0.0
7231690-0,test,non_relevant,0,10,3.5437703132629395,0.0,0.0,0.0,0.0
723348#0,dev,relevant,1,10,7.607475280761719,0.8318724637288826,0.5585075862632192,0.75369761125927,1.0
7236101#0,test,relevant,1,10,4.145172119140625,1.0,0.38685280723454163,1.0,1.0
7238193-0,test,non_relevant,0,10,3.1925559043884277,0.0,0.0,0.0,0.0
7239800#0,dev,relevant,1,10,3.730574369430542,1.0,0.5,1.0,1.0
7243760#0,dev,relevant,1,10,2.7597577571868896,0.5,0.0,0.0,0.6309297535714575
724443-0,test,non_relevant,0,10,4.913908004760742,0.0,0.0,0.0,0.0
7245172-0,dev,non_relevant,0,10,4.287619590759277,0.0,0.0,0.0,0.0
72463#0,dev,relevant,1,10,2.5055556297302246,0.6096199500078984,0.4144299250118475,0.592512031964586,0.7365896932159578
7247331-0,test,non_relevant,0,10,0.4739122688770294,0.0,0.0,0.0,0.0
7247345#0,test,relevant,1,10,6.139927387237549,1.0,0.5,1.0,0.6309297535714575
7252831#0,dev,relevant,1,10,7.499724388122559,1.0,0.0,0.5,1.0
7256355#0,test,relevant,1,10,7.522950172424316,1.0,1.0,1.0,1.0
7257611#0,test,relevant,1,10,1.1499289274215698,0.5307212739772434,0.38364913903790027,0.6508205185601091,0.5307212739772434
7258925#0,dev,relevant,1,10,7.5655364990234375,0.9197207891481876,0.6934264036172708,1.0,1.0
7261774-0,test,non_relevant,0,10,1.3580050468444824,0.0,0.0,0.0,0.0
7262367#0,dev,relevant,1,10,7.750033855438232,0.6309297535714575,0.6309297535714575,1.0,0.6309297535714575
726300-0,test,non_relevant,0,10,-0.1351609081029892,0.0,0.0,0.0,0.0
7264803#0,test,relevant,1,10,6.349339962005615,1.0,0.6309297535714575,1.0,1.0
7265467#0,dev,relevant,1,10,4.947873115539551,1.0,0.41618115554873086,0.9674679834891693,1.0
7265592#0,dev,relevant,1,10,3.7923645973205566,1.0,1.0,1.0,1.0
7267000-0,dev,non_relevant,0,10,-0.6739872097969055,0.0,0.0,0.0,0.0
726896-0,dev,non_relevant,0,10,1.4144299030303955,0.0,0.0,0.0,0.0
7269700#0,test,relevant,1,10,6.826347827911377,0.9469024295259745,0.4367467095119258,0.8529278650606567,0.8854598815714874
7270486-0,dev,non_relevant,0,10,2.609572649002075,0.0,0.0,0.0,0.0
7270569#0,test,relevant,1,10,1.4209423065185547,0.5,0.0,0.0,0.6309297535714575
7270928-0,test,non_relevant,0,10,4.443179130554199,0.0,0.0,0.0,0.0
7272397#0,test,relevant,1,10,5.460287094116211,0.8687949224876582,0.639945385422766,0.7227265726449519,1.0
7273767-0,test,non_relevant,0,10,3.1825287342071533,0.0,0.0,0.0,0.0
7273910#0,dev,relevant,1,10,5.648198127746582,0.0,0.6309297535714575,0.0,0.0
7274798-0,test,non_relevant,0,10,2.9774417877197266,0.0,0.0,0.0,0.0
727704#0,test,relevant,1,10,2.1942715644836426,0.8503449055347546,0.6509209298071326,0.8772153153380493,0.9197207891481876
7277552-0,test,non_relevant,0,10,0.072146937251091,0.0,0.0,0.0,0.0
7279672-0,test,non_relevant,0,10,0.41052383184432983,0.0,0.0,0.0,0.0
7280160#0,dev,relevant,1,10,3.935670852661133,1.0,0.0,0.43067655807339306,1.0
7281197-0,dev,non_relevant,0,10,0.8062297105789185,0.0,0.0,0.0,0.0
7281420#0,test,relevant,1,10,2.0726804733276367,0.36331756126716835,0.8318724637288826,0.8048099750039491,0.44149241373678083
7281748-0,dev,non_relevant,0,10,1.0860011577606201,0.0,0.0,0.0,0.0
7281801-0,test,non_relevant,0,10,0.8577345013618469,0.0,0.0,0.0,0.0
7282441#0,test,relevant,1,10,5.190821647644043,0.6309297535714575,0.6309297535714575,0.6309297535714575,0.6309297535714575
7283207-0,test,non_relevant,0,10,5.278569221496582,0.0,0.0,0.0,0.0
728414#0,dev,relevant,1,10,5.3689985275268555,1.0,0.2640681225725909,0.8772153153380493,1.0
7284747-0,test,non_relevant,0,10,-0.8751308917999268,0.0,0.0,0.0,0.0
728844#0,test,relevant,1,9,5.890893459320068,1.0,0.6509209298071326,1.0,1.0
7289008-0,test,non_relevant,0,10,-3.4547829627990723,0.0,0.0,0.0,0.0
7289294#0,dev,relevant,1,10,5.3144917488098145,0.9197207891481876,0.6131471927654584,0.9197207891481876,1.0
7295154-0,dev,non_relevant,0,10,-0.34479978680610657,0.0,0.0,0.0,0.0
7295326#0,test,relevant,1,10,1.5559334754943848,1.0,0.43067655807339306,0.6309297535714575,0.6309297535714575
7296877#0,test,relevant,1,10,7.629667282104492,1.0,0.0,0.6309297535714575,1.0
7297553#0,test,relevant,1,10,3.899144172668457,0.46927872602275644,0.0,0.18154179253735267,0.7039180890341347
7297648#0,test,relevant,1,10,-0.7710083723068237,0.0,0.5,0.0,0.0
7298000-0,test,non_relevant,0,10,0.2290477156639099,0.0,0.0,0.0,0.0
7298465-0,dev,non_relevant,0,10,4.858301639556885,0.0,0.0,0.0,0.0
7299834#0,test,relevant,1,10,1.982500672340393,0.46927872602275644,0.23463936301137822,0.4776237035032179,0.5307212739772434
7300039-0,dev,non_relevant,0,10,1.7152836322784424,0.0,0.0,0.0,0.0
7300525#0,dev,relevant,1,10,1.920295000076294,0.34620964322385606,0.34620964322385606,0.15101961822780524,0.44149241373678083
7301429#0,dev,relevant,1,10,9.072834968566895,1.0,0.2640681225725909,0.8772153153380493,1.0
7303012-0,test,non_relevant,0,10,-2.4855175018310547,0.0,0.0,0.0,0.0
7303307#0,test,relevant,1,10,3.139274835586548,0.5,0.5,0.5,0.6309297535714575
730349-0,test,non_relevant,0,10,7.661926746368408,0.0,0.0,0.0,0.0
730357-0,dev,non_relevant,0,10,4.659419059753418,0.0,0.0,0.0,0.0
7304578-0,test,non_relevant,0,10,3.9664864540100098,0.0,0.0,0.0,0.0
7306782#0,dev,relevant,1,10,3.146096706390381,1.0,0.5585075862632192,0.9558295932317544,0.6096199500078984
7306968-0,dev,non_relevant,0,10,3.2770612239837646,0.0,0.0,0.0,0.0
7308161-0,test,non_relevant,0,10,0.75477135181427,0.0,0.0,0.0,0.0
7308784-0,test,non_relevant,0,10,3.3876867294311523,0.0,0.0,0.0,0.0
7309266#0,dev,relevant,1,8,6.2243876457214355,0.5413996682199069,0.3191471544989227,0.24630238874073,0.787702056960637
7310037#0,test,relevant,1,10,3.2924699783325195,1.0,0.38685280723454163,0.6309297535714575,0.5
7312259-0,test,non_relevant,0,10,7.9521965980529785,0.0,0.0,0.0,0.0
7312734#0,dev,relevant,1,10,3.749079704284668,0.6934264036172708,0.23719771276929622,0.5706417189553201,0.9197207891481876
7313866-0,test,non_relevant,0,10,7.731689929962158,0.0,0.0,0.0,0.0
7314399-0,test,non_relevant,0,10,2.040699005126953,0.0,0.0,0.0,0.0
7315287-0,dev,non_relevant,0,10,6.011807918548584,0.0,0.0,0.0,0.0
7317996#0,test,relevant,1,10,5.686409950256348,1.0,1.0,1.0,1.0
7319010-0,dev,non_relevant,0,10,-0.9058380126953125,0.0,0.0,0.0,0.0
7320779-0,test,non_relevant,0,10,6.092974662780762,0.0,0.0,0.0,0.0
7326296-0,dev,non_relevant,0,10,2.94126033782959,0.0,0.0,0.0,0.0
7326827-0,dev,non_relevant,0,10,0.7097933292388916,0.0,0.0,0.0,0.0
7328082#0,test,relevant,1,10,2.0605084896087646,0.0,0.43067655807339306,0.43067655807339306,0.0
732825-0,dev,non_relevant,0,10,1.4940892457962036,0.0,0.0,0.0,0.0
7329988-0,dev,non_relevant,0,10,4.7291178703308105,0.0,0.0,0.0,0.0
732999-0,test,non_relevant,0,10,5.100650787353516,0.0,0.0,0.0,0.0
7333063-0,test,non_relevant,0,10,1.045028567314148,0.0,0.0,0.0,0.0
7333927#0,test,relevant,1,10,4.126776695251465,0.5,0.0,0.0,0.6309297535714575
733440#0,test,relevant,1,9,4.511981964111328,0.9197207891481876,0.9197207891481876,0.9197207891481876,1.0
733445#0,test,relevant,1,10,6.43874979019165,1.0,0.6240505200038379,1.0,1.0
7335325#0,dev,relevant,1,10,7.04860782623291,0.6508205185601091,0.49818925746641285,0.7039180890341347,0.8529278650606567
7335541#0,test,relevant,1,10,7.408436298370361,1.0,0.6608397947263839,1.0,0.8539316501572937
7335750#0,test,relevant,1,10,5.596543312072754,1.0,1.0,1.0,1.0
7337573-0,dev,non_relevant,0,10,5.3036885261535645,0.0,0.0,0.0,0.0
7337870-0,test,non_relevant,0,10,3.262284517288208,0.0,0.0,0.0,0.0
733907#0,test,relevant,1,10,5.174806594848633,0.6309297535714575,0.0,0.0,1.0
7340207#0,dev,relevant,1,10,5.588879585266113,0.6713860725233041,0.20210734650054757,0.4776237035032179,0.6713860725233041
7341263-0,test,non_relevant,0,10,0.06158292666077614,0.0,0.0,0.0,0.0
7343008-0,dev,non_relevant,0,10,6.380276203155518,0.0,0.0,0.0,0.0
7344263-0,dev,non_relevant,0,10,1.2617863416671753,0.0,0.0,0.0,0.0
7344539-0,test,non_relevant,0,10,3.9121875762939453,0.0,0.0,0.0,0.0
7346354-0,dev,non_relevant,0,10,3.3290469646453857,0.0,0.0,0.0,0.0
7347462-0,test,non_relevant,0,10,0.6865978240966797,0.0,0.0,0.0,0.0
735382#0,dev,relevant,1,10,7.164313316345215,0.75369761125927,0.16812753627111746,0.4144299250118475,0.9047172294870751
7354564-0,test,non_relevant,0,10,3.29490065574646,0.0,0.0,0.0,0.0
735860#0,test,relevant,1,10,8.636321067810059,0.8854598815714874,0.46927872602275644,0.9060254355346823,0.9469024295259745
7363157-0,dev,non_relevant,0,10,-1.3656193017959595,0.0,0.0,0.0,0.0
7363207-0,dev,non_relevant,0,10,1.0877922773361206,0.0,0.0,0.0,0.0
7365739#0,test,relevant,1,10,8.336472511291504,0.6131471927654584,0.6131471927654584,0.6131471927654584,0.6131471927654584
7366398-0,dev,non_relevant,0,10,2.2031471729278564,0.0,0.0,0.0,0.0
7368477-0,dev,non_relevant,0,10,0.8953933715820312,0.0,0.0,0.0,0.0
7369537-0,dev,non_relevant,0,10,2.3540897369384766,0.0,0.0,0.0,0.0
7369910-0,dev,non_relevant,0,10,-4.229384899139404,0.0,0.0,0.0,0.0
7370270-0,test,non_relevant,0,10,3.8472847938537598,0.0,0.0,0.0,0.0
7373700-0,test,non_relevant,0,10,2.973527669906616,0.0,0.0,0.0,0.0
737864#0,dev,relevant,1,10,2.1922202110290527,0.7227265726449519,0.3156484524795145,0.7227265726449519,0.7860137352654724
737992-0,dev,non_relevant,0,10,3.417759418487549,0.0,0.0,0.0,0.0
7380005#0,dev,relevant,1,10,5.330811977386475,0.7227265726449519,0.6548086577531307,0.8687949224876582,0.8539316501572937
7380461-0,dev,non_relevant,0,10,1.2037460803985596,0.0,0.0,0.0,0.0
7380742-0,test,non_relevant,0,10,4.5192084312438965,0.0,0.0,0.0,0.0
7381455-0,test,non_relevant,0,10,3.520310401916504,0.0,0.0,0.0,0.0
738208#0,test,relevant,1,10,4.694668292999268,0.7227265726449519,0.0,0.4703652827859579,0.8539316501572937
738370-0,dev,non_relevant,0,10,2.2739381790161133,0.0,0.0,0.0,0.0
7384866#0,test,relevant,1,10,6.154088020324707,1.0,0.6131471927654584,0.9197207891481876,1.0
7387432-0,dev,non_relevant,0,10,7.92067813873291,0.0,0.0,0.0,0.0
7390180-0,dev,non_relevant,0,10,2.105635643005371,0.0,0.0,0.0,0.0
7396039#0,test,relevant,1,10,6.477377891540527,1.0,0.0,0.5,1.0
7397552-0,dev,non_relevant,0,10,1.2978423833847046,0.0,0.0,0.0,0.0
7398087-0,dev,non_relevant,0,10,3.123849868774414,0.0,0.0,0.0,0.0
7398714-0,dev,non_relevant,0,10,4.8228349685668945,0.0,0.0,0.0,0.0
7400209-0,dev,non_relevant,0,10,3.4252498149871826,0.0,0.0,0.0,0.0
7404616-0,test,non_relevant,0,10,5.120654106140137,0.0,0.0,0.0,0.0
7405450#0,test,relevant,1,10,4.143943786621094,0.6309297535714575,0.0,0.0,0.38685280723454163
7406378-0,test,non_relevant,0,10,3.948072671890259,0.0,0.0,0.0,0.0
7408057#0,dev,relevant,1,10,4.183634281158447,0.7653606369886217,0.18154179253735267,0.49818925746641285,0.7653606369886217
7408288-0,test,non_relevant,0,10,4.014658451080322,0.0,0.0,0.0,0.0
7409916-0,test,non_relevant,0,10,7.773227691650391,0.0,0.0,0.0,0.0
7410204-0,dev,non_relevant,0,10,2.687174081802368,0.0,0.0,0.0,0.0
7411652#0,test,relevant,1,10,3.691783905029297,0.38685280723454163,0.38685280723454163,0.6240505200038379,0.6509209298071326
7412943#0,test,relevant,1,10,0.5143476724624634,0.9060254355346823,0.6713860725233041,0.9469024295259745,1.0
7413144-0,dev,non_relevant,0,10,0.798607587814331,0.0,0.0,0.0,0.0
7413270-0,test,non_relevant,0,10,-3.0272297859191895,0.0,0.0,0.0,0.0
7414072-0,dev,non_relevant,0,10,4.10514497756958,0.0,0.0,0.0,0.0
7417957-0,dev,non_relevant,0,10,-3.6804304122924805,0.0,0.0,0.0,0.0
741921#0,dev,relevant,1,10,2.8808305263519287,0.6309297535714575,0.0,0.0,0.5
7424082-0,dev,non_relevant,0,10,2.8066048622131348,0.0,0.0,0.0,0.0
742427-0,test,non_relevant,0,10,1.468602180480957,0.0,0.0,0.0,0.0
7424649#0,test,relevant,1,10,5.550183296203613,1.0,1.0,1.0,1.0
7427419#0,dev,relevant,1,10,0.3171504735946655,0.8772153153380493,0.2640681225725909,0.8503449055347546,0.6131471927654584
7430037#0,dev,relevant,1,10,0.11350725591182709,0.75369761125927,0.592512031964586,1.0,0.9047172294870751
7432188-0,test,non_relevant,0,10,-3.300154685974121,0.0,0.0,0.0,0.0
7434295-0,test,non_relevant,0,10,2.6201577186584473,0.0,0.0,0.0,0.0
7435020-0,dev,non_relevant,0,10,3.0502617359161377,0.0,0.0,0.0,0.0
7437078-0,test,non_relevant,0,10,7.117684841156006,0.0,0.0,0.0,0.0
7438194-0,dev,non_relevant,0,10,4.759456634521484,0.0,0.0,0.0,0.0
7438493-0,test,non_relevant,0,10,2.1560182571411133,0.0,0.0,0.0,0.0
7440267-0,test,non_relevant,0,10,2.4292120933532715,0.0,0.0,0.0,0.0
7441110-0,dev,non_relevant,0,10,-1.4534542560577393,0.0,0.0,0.0,0.0
7441617#0,test,relevant,1,10,6.435925483703613,0.8503449055347546,0.23719771276929622,0.6131471927654584,0.9197207891481876
7443250-0,dev,non_relevant,0,10,4.459094047546387,0.0,0.0,0.0,0.0
7443372#0,dev,relevant,1,9,3.485299587249756,1.0,0.3903800499921017,0.8048099750039491,1.0
7445484-0,test,non_relevant,0,10,4.4257049560546875,0.0,0.0,0.0,0.0
7450689#0,test,relevant,1,10,6.484735488891602,1.0,0.0,0.6309297535714575,0.6309297535714575
7453852-0,test,non_relevant,0,10,1.8204364776611328,0.0,0.0,0.0,0.0
7454365#0,dev,relevant,1,10,6.253874778747559,1.0,0.0,0.3065735963827292,1.0
7459976-0,dev,non_relevant,0,10,1.5644246339797974,0.0,0.0,0.0,0.0
7460023-0,test,non_relevant,0,10,5.766233444213867,0.0,0.0,0.0,0.0
7460170-0,dev,non_relevant,0,10,1.310197114944458,0.0,0.0,0.0,0.0
746107-0,dev,non_relevant,0,10,3.657745361328125,0.0,0.0,0.0,0.0
7462544-0,dev,non_relevant,0,10,0.9466306567192078,0.0,0.0,0.0,0.0
7463747-0,test,non_relevant,0,10,-0.6512635946273804,0.0,0.0,0.0,0.0
7464755#0,dev,relevant,1,10,6.095273971557617,0.5,1.0,1.0,0.6309297535714575
7467826#0,test,relevant,1,10,6.92725944519043,0.9197207891481876,0.5706417189553201,0.9197207891481876,0.9197207891481876
7472686#0,test,relevant,1,10,4.184268951416016,1.0,0.0,0.0,1.0
7475338#0,dev,relevant,1,10,4.821041584014893,0.0,0.0,0.0,1.0
7480308-0,dev,non_relevant,0,10,0.23366759717464447,0.0,0.0,0.0,0.0
748300-0,test,non_relevant,0,10,6.352357864379883,0.0,0.0,0.0,0.0
7483291#0,test,relevant,1,10,5.767802715301514,1.0,0.34519134224686937,0.7227265726449519,0.8687949224876582
7488757-0,dev,non_relevant,0,10,4.361189842224121,0.0,0.0,0.0,0.0
7489233-0,test,non_relevant,0,10,-2.0636637210845947,0.0,0.0,0.0,0.0
7492905-0,test,non_relevant,0,10,3.965269088745117,0.0,0.0,0.0,0.0
7493596#0,dev,relevant,1,10,4.440540313720703,1.0,0.0,0.38685280723454163,1.0
7494195-0,dev,non_relevant,0,10,-3.2588648796081543,0.0,0.0,0.0,0.0
749531-0,test,non_relevant,0,10,3.450974464416504,0.0,0.0,0.0,0.0
7497383-0,test,non_relevant,0,10,3.838555335998535,0.0,0.0,0.0,0.0
7497899-0,test,non_relevant,0,10,3.68922758102417,0.0,0.0,0.0,0.0
7499317-0,test,non_relevant,0,10,6.565513610839844,0.0,0.0,0.0,0.0
7500702#0,test,relevant,1,10,1.8355090618133545,1.0,0.0,0.43067655807339306,0.5
7501806-0,dev,non_relevant,0,10,0.8510298728942871,0.0,0.0,0.0,0.0
7501991-0,test,non_relevant,0,10,1.9881469011306763,0.0,0.0,0.0,0.0
750323#0,dev,relevant,1,10,4.059782028198242,1.0,0.0,0.6309297535714575,0.5
75043-0,dev,non_relevant,0,10,1.6510900259017944,0.0,0.0,0.0,0.0
7504352-0,test,non_relevant,0,10,3.676915168762207,0.0,0.0,0.0,0.0
7505344-0,test,non_relevant,0,10,0.13372328877449036,0.0,0.0,0.0,0.0
7514706#0,dev,relevant,1,10,8.714149475097656,1.0,1.0,1.0,1.0
7517843-0,dev,non_relevant,0,10,1.9356307983398438,0.0,0.0,0.0,0.0
7519178-0,test,non_relevant,0,10,-0.08138206601142883,0.0,0.0,0.0,0.0
7520836-0,dev,non_relevant,0,10,1.3101767301559448,0.0,0.0,0.0,0.0
75228-0,test,non_relevant,0,10,-0.1879834532737732,0.0,0.0,0.0,0.0
7524667#0,test,relevant,1,10,8.49742317199707,1.0,0.0,0.43067655807339306,1.0
7525151-0,test,non_relevant,0,10,3.0426130294799805,0.0,0.0,0.0,0.0
7529890#0,dev,relevant,1,10,6.3838300704956055,1.0,0.2640681225725909,0.8772153153380493,1.0
753355-0,dev,non_relevant,0,10,4.078780651092529,0.0,0.0,0.0,0.0
7534198#0,test,relevant,1,10,6.934362888336182,0.0,0.5,0.0,0.0
7534426-0,test,non_relevant,0,10,3.590566873550415,0.0,0.0,0.0,0.0
75348-0,test,non_relevant,0,10,5.521880626678467,0.0,0.0,0.0,0.0
7535289-0,test,non_relevant,0,10,5.40425968170166,0.0,0.0,0.0,0.0
7536173-0,test,non_relevant,0,10,4.297896385192871,0.0,0.0,0.0,0.0
7537114-0,test,non_relevant,0,10,0.82220059633255,0.0,0.0,0.0,0.0
7538070-0,test,non_relevant,0,10,2.6172540187835693,0.0,0.0,0.0,0.0
7538670-0,test,non_relevant,0,10,1.9905662536621094,0.0,0.0,0.0,0.0
7539439-0,test,non_relevant,0,10,4.039298057556152,0.0,0.0,0.0,0.0
753999#0,test,relevant,1,10,6.50258731842041,1.0,0.6131471927654584,1.0,1.0
7540219#0,test,relevant,1,10,1.05442476272583,0.8772153153380493,0.6509209298071326,0.6509209298071326,0.6934264036172708
7541146-0,test,non_relevant,0,10,1.6638542413711548,0.0,0.0,0.0,0.0
7543185-0,dev,non_relevant,0,10,0.5923737287521362,0.0,0.0,0.0,0.0
7543618-0,test,non_relevant,0,10,5.834645748138428,0.0,0.0,0.0,0.0
7544855-0,test,non_relevant,0,10,-0.5108652710914612,0.0,0.0,0.0,0.0
7546450-0,dev,non_relevant,0,10,1.0047454833984375,0.0,0.0,0.0,0.0
7549261#0,dev,relevant,1,10,7.38403844833374,1.0,0.0,0.6309297535714575,1.0
7549417-0,dev,non_relevant,0,10,2.6587090492248535,0.0,0.0,0.0,0.0
7550245-0,dev,non_relevant,0,10,2.029261589050293,0.0,0.0,0.0,0.0
7552826#0,dev,relevant,1,10,7.885845184326172,1.0,0.0,0.9197207891481876,1.0
7555071#0,dev,relevant,1,10,0.8424229621887207,1.0,0.0,0.5,0.5
7561686-0,dev,non_relevant,0,10,1.9125802516937256,0.0,0.0,0.0,0.0
7562300-0,dev,non_relevant,0,10,-2.187098264694214,0.0,0.0,0.0,0.0
7563395-0,dev,non_relevant,0,10,0.7319533824920654,0.0,0.0,0.0,0.0
756422-0,test,non_relevant,0,10,5.746845245361328,0.0,0.0,0.0,0.0
7564695-0,test,non_relevant,0,10,1.198486566543579,0.0,0.0,0.0,0.0
7565887#0,test,relevant,1,10,4.694198131561279,1.0,0.5,1.0,1.0
7568191-0,test,non_relevant,0,10,1.5317213535308838,0.0,0.0,0.0,0.0
7569730#0,test,relevant,1,10,8.57041072845459,1.0,0.6309297535714575,1.0,1.0
7570894#0,test,relevant,1,10,8.67562484741211,0.0,0.4367467095119258,0.20210734650054757,0.0
7574250-0,dev,non_relevant,0,10,-3.9503214359283447,0.0,0.0,0.0,0.0
7574285-0,test,non_relevant,0,10,-2.5228350162506104,0.0,0.0,0.0,0.0
7574570-0,dev,non_relevant,0,10,2.856328010559082,0.0,0.0,0.0,0.0
7574685-0,test,non_relevant,0,10,3.8286497592926025,0.0,0.0,0.0,0.0
7575307#0,test,relevant,1,10,7.672054290771484,1.0,0.5,1.0,1.0
7575860-0,test,non_relevant,0,10,4.292820453643799,0.0,0.0,0.0,0.0
7576632#0,test,relevant,1,10,4.988351821899414,0.9197207891481876,1.0,1.0,1.0
7579280-0,dev,non_relevant,0,10,3.7622575759887695,0.0,0.0,0.0,0.0
7582275#0,test,relevant,1,10,5.8380913734436035,0.5,1.0,1.0,0.6309297535714575
7585521-0,dev,non_relevant,0,10,-1.2741634845733643,0.0,0.0,0.0,0.0
7591021-0,test,non_relevant,0,10,6.1768598556518555,0.0,0.0,0.0,0.0
7597248#0,test,relevant,1,10,2.1366488933563232,0.0,1.0,0.5,0.5
760231#0,test,relevant,1,10,1.557687520980835,0.6131471927654584,0.0,0.3065735963827292,0.38685280723454163
760321-0,test,non_relevant,0,10,-1.7440487146377563,0.0,0.0,0.0,0.0
7606041#0,test,relevant,1,10,1.6564878225326538,0.5,0.43067655807339306,0.43067655807339306,0.6309297535714575
7606313#0,test,relevant,1,10,3.333632469177246,0.6131471927654584,0.5012658353418871,0.3065735963827292,0.9197207891481876
7612241#0,test,relevant,1,10,-0.987775444984436,0.0,0.0,0.0,0.23719771276929622
7612294-0,dev,non_relevant,0,10,2.5979602336883545,0.0,0.0,0.0,0.0
7612407-0,test,non_relevant,0,10,5.4095563888549805,0.0,0.0,0.0,0.0
7615260#0,test,relevant,1,10,4.843919277191162,0.34620964322385606,0.16812753627111746,0.15101961822780524,0.592512031964586
7616682-0,dev,non_relevant,0,10,6.160942554473877,0.0,0.0,0.0,0.0
76174-0,dev,non_relevant,0,10,3.987295627593994,0.0,0.0,0.0,0.0
7617630-0,dev,non_relevant,0,10,5.543468952178955,0.0,0.0,0.0,0.0
7621156#0,test,relevant,1,10,5.627988338470459,0.8772153153380493,0.38685280723454163,0.8503449055347546,0.8503449055347546
7621231-0,dev,non_relevant,0,10,2.49853515625,0.0,0.0,0.0,0.0
7622636#0,test,relevant,1,10,5.5882673263549805,0.75369761125927,0.4144299250118475,0.8048099750039491,0.9828920819566879
7627804-0,dev,non_relevant,0,10,-4.276764869689941,0.0,0.0,0.0,0.0
7629432#0,test,relevant,1,10,8.524587631225586,1.0,0.6309297535714575,1.0,1.0
7632263-0,dev,non_relevant,0,10,-2.9617385864257812,0.0,0.0,0.0,0.0
763400-0,test,non_relevant,0,10,5.412382125854492,0.0,0.0,0.0,0.0
7635983-0,dev,non_relevant,0,10,4.604227542877197,0.0,0.0,0.0,0.0
7636426-0,dev,non_relevant,0,10,6.182819366455078,0.0,0.0,0.0,0.0
7636701-0,dev,non_relevant,0,10,-2.7484521865844727,0.0,0.0,0.0,0.0
763795-0,dev,non_relevant,0,10,4.947226047515869,0.0,0.0,0.0,0.0
7641595-0,test,non_relevant,0,10,-1.2041536569595337,0.0,0.0,0.0,0.0
764217-0,test,non_relevant,0,10,2.578882932662964,0.0,0.0,0.0,0.0
7642389-0,test,non_relevant,0,10,2.6377451419830322,0.0,0.0,0.0,0.0
7644931#0,test,relevant,1,10,4.7947893142700195,0.43067655807339306,0.38685280723454163,0.5,0.0
7646267-0,test,non_relevant,0,10,5.319818019866943,0.0,0.0,0.0,0.0
764816#0,test,relevant,1,10,4.201446533203125,0.6508205185601091,0.2960819109658652,0.6508205185601091,0.7039180890341347
7648840-0,test,non_relevant,0,10,5.087027549743652,0.0,0.0,0.0,0.0
76511-0,test,non_relevant,0,10,7.319121837615967,0.0,0.0,0.0,0.0
765111-0,dev,non_relevant,0,10,7.604971885681152,0.0,0.0,0.0,0.0
7652647#0,dev,relevant,1,10,6.118704795837402,1.0,1.0,1.0,1.0
7653200#0,test,relevant,1,10,6.6887617111206055,0.38685280723454163,0.5706417189553201,0.5437713091520254,0.38685280723454163
765341#0,test,relevant,1,10,2.362060546875,1.0,0.3065735963827292,0.6934264036172708,1.0
7654735-0,dev,non_relevant,0,10,0.7728779315948486,0.0,0.0,0.0,0.0
7654748#0,test,relevant,1,10,1.5996730327606201,0.6509209298071326,0.38685280723454163,0.6131471927654584,0.5706417189553201
7655697-0,dev,non_relevant,0,10,4.873519420623779,0.0,0.0,0.0,0.0
7658106-0,test,non_relevant,0,10,-4.003626823425293,0.0,0.0,0.0,0.0
7658665#0,test,relevant,1,10,5.978015899658203,0.7122630665145961,0.6713860725233041,0.7039180890341347,0.9674679834891693
7659399#0,dev,relevant,1,10,4.260460376739502,1.0,0.5706417189553201,1.0,0.9197207891481876
766098-0,test,non_relevant,0,10,0.36842817068099976,0.0,0.0,0.0,0.0
766127#0,dev,relevant,1,9,8.190643310546875,0.830419897363192,0.6608397947263839,0.7227265726449519,0.8539316501572937
7662667#0,test,relevant,1,10,1.5741291046142578,0.5,0.43067655807339306,0.5,0.43067655807339306
7662896#0,test,relevant,1,9,7.141357898712158,0.8687949224876582,0.8687949224876582,1.0,1.0
766579-0,dev,non_relevant,0,10,4.441963195800781,0.0,0.0,0.0,0.0
7666349-0,test,non_relevant,0,10,1.348112940788269,0.0,0.0,0.0,0.0
76665#0,test,relevant,1,10,2.074997901916504,0.23719771276929622,0.23719771276929622,0.0,0.9197207891481876
7667066-0,dev,non_relevant,0,10,3.2104082107543945,0.0,0.0,0.0,0.0
7669769-0,dev,non_relevant,0,10,3.983383893966675,0.0,0.0,0.0,0.0
7669946#0,test,relevant,1,10,4.497563362121582,0.38685280723454163,0.43067655807339306,0.38685280723454163,0.0
7670357-0,test,non_relevant,0,10,2.2229275703430176,0.0,0.0,0.0,0.0
7671195-0,dev,non_relevant,0,10,3.1186137199401855,0.0,0.0,0.0,0.0
7671869-0,test,non_relevant,0,10,2.7240664958953857,0.0,0.0,0.0,0.0
767223-0,test,non_relevant,0,10,-3.7404708862304688,0.0,0.0,0.0,0.0
767352-0,test,non_relevant,0,10,-0.17694255709648132,0.0,0.0,0.0,0.0
767395-0,test,non_relevant,0,10,7.239319324493408,0.0,0.0,0.0,0.0
7678189#0,dev,relevant,1,10,6.906405925750732,1.0,1.0,1.0,1.0
7684235#0,test,relevant,1,10,4.475632190704346,0.0,0.0,0.0,0.0
7684335-0,dev,non_relevant,0,10,5.710070610046387,0.0,0.0,0.0,0.0
7685805-0,test,non_relevant,0,10,1.2954177856445312,0.0,0.0,0.0,0.0
7688396#0,test,relevant,1,10,4.962437629699707,0.7606395682357036,0.3973220069685352,0.6096199500078984,0.8048099750039491
7688629#0,dev,relevant,1,10,1.5565533638000488,0.2640681225725909,0.9197207891481876,0.6240505200038379,0.0
7689678#0,test,relevant,1,9,3.011211395263672,0.0,1.0,0.5,0.0
7691151#0,dev,relevant,1,10,3.779170513153076,0.16812753627111746,0.3191471544989227,0.3191471544989227,0.9047172294870751
7695315-0,dev,non_relevant,0,10,-0.6906495094299316,0.0,0.0,0.0,0.0
7696005-0,dev,non_relevant,0,10,0.5521035194396973,0.0,0.0,0.0,0.0
7699185-0,test,non_relevant,0,10,-0.5486904382705688,0.0,0.0,0.0,0.0
7703399-0,test,non_relevant,0,10,0.3567883372306824,0.0,0.0,0.0,0.0
7704007#0,test,relevant,1,10,-1.1285152435302734,0.9674679834891693,0.6182885020492784,0.9469024295259745,0.9469024295259745
7718283-0,test,non_relevant,0,10,3.5647995471954346,0.0,0.0,0.0,0.0
7718874-0,test,non_relevant,0,10,-1.0235481262207031,0.0,0.0,0.0,0.0
7719206#0,dev,relevant,1,10,3.771599054336548,0.38685280723454163,0.6309297535714575,0.5,0.43067655807339306
7721797-0,test,non_relevant,0,10,-3.2623980045318604,0.0,0.0,0.0,0.0
7722284-0,dev,non_relevant,0,10,0.9976317286491394,0.0,0.0,0.0,0.0
772302#0,test,relevant,1,10,6.308139801025391,0.38685280723454163,0.0,0.0,1.0
7726473-0,test,non_relevant,0,10,5.615755081176758,0.0,0.0,0.0,0.0
772805-0,dev,non_relevant,0,10,3.6030004024505615,0.0,0.0,0.0,0.0
7728204#0,test,relevant,1,10,-0.11504419147968292,0.38685280723454163,0.43067655807339306,0.38685280723454163,0.43067655807339306
7729725-0,dev,non_relevant,0,10,1.2845664024353027,0.0,0.0,0.0,0.0
7733862-0,test,non_relevant,0,10,0.7010043859481812,0.0,0.0,0.0,0.0
7734175-0,dev,non_relevant,0,10,0.16031819581985474,0.0,0.0,0.0,0.0
7736101-0,test,non_relevant,0,10,6.233902454376221,0.0,0.0,0.0,0.0
7737046-0,dev,non_relevant,0,10,-2.026517391204834,0.0,0.0,0.0,0.0
7737155-0,test,non_relevant,0,10,-0.6687315702438354,0.0,0.0,0.0,0.0
7737554-0,dev,non_relevant,0,10,4.12666654586792,0.0,0.0,0.0,0.0
7737939-0,test,non_relevant,0,10,5.756071090698242,0.0,0.0,0.0,0.0
7738286#0,dev,relevant,1,10,1.338304042816162,0.38685280723454163,0.38685280723454163,0.43067655807339306,0.6309297535714575
774112-0,dev,non_relevant,0,10,3.3863089084625244,0.0,0.0,0.0,0.0
7754791#0,test,relevant,1,10,5.152355194091797,0.6713860725233041,0.7653606369886217,0.6508205185601091,0.41618115554873086
7756953-0,dev,non_relevant,0,10,3.0945496559143066,0.0,0.0,0.0,0.0
7758742-0,dev,non_relevant,0,10,4.800098896026611,0.0,0.0,0.0,0.0
7761450#0,dev,relevant,1,10,6.044240474700928,0.6131471927654584,0.6934264036172708,0.8503449055347546,0.9197207891481876
7762521-0,dev,non_relevant,0,10,1.386980652809143,0.0,0.0,0.0,0.0
7765344-0,dev,non_relevant,0,10,-0.44782042503356934,0.0,0.0,0.0,0.0
7770177#0,test,relevant,1,10,5.667319297790527,0.8048099750039491,0.5855700749881525,0.6366824387328317,0.9558295932317544
7774229#0,test,relevant,1,10,4.454043388366699,0.6309297535714575,0.43067655807339306,0.6309297535714575,1.0
7776035-0,dev,non_relevant,0,10,-1.05023193359375,0.0,0.0,0.0,0.0
7776047-0,dev,non_relevant,0,10,2.2037036418914795,0.0,0.0,0.0,0.0
7779127#0,dev,relevant,1,10,7.587151527404785,1.0,1.0,1.0,1.0
7779297#0,dev,relevant,1,10,-2.0560920238494873,0.8503449055347546,0.0,0.3065735963827292,0.6509209298071326
7779441-0,dev,non_relevant,0,10,-0.4670480787754059,0.0,0.0,0.0,0.0
7784734#0,test,relevant,1,10,4.4398345947265625,1.0,0.5,1.0,1.0
7788712-0,test,non_relevant,0,10,5.272473335266113,0.0,0.0,0.0,0.0
7789152-0,test,non_relevant,0,10,5.021198749542236,0.0,0.0,0.0,0.0
7789302-0,test,non_relevant,0,10,0.5342732667922974,0.0,0.0,0.0,0.0
779204-0,dev,non_relevant,0,10,1.0799686908721924,0.0,0.0,0.0,0.0
7792958-0,test,non_relevant,0,10,1.3133349418640137,0.0,0.0,0.0,0.0
7793170#0,test,relevant,1,9,6.01788854598999,0.8048099750039491,0.5585075862632192,0.8048099750039491,0.7606395682357036
7794#0,test,relevant,1,10,7.114084720611572,0.8854598815714874,0.46927872602275644,0.7653606369886217,0.7039180890341347
7795522#0,test,relevant,1,10,8.58633041381836,0.9197207891481876,0.3065735963827292,0.8503449055347546,1.0
7795889#0,dev,relevant,1,10,6.388200759887695,0.7328286204777911,0.46927872602275644,0.7039180890341347,0.9469024295259745
7796682-0,test,non_relevant,0,10,1.0795960426330566,0.0,0.0,0.0,0.0
7800117-0,dev,non_relevant,0,10,-1.1355016231536865,0.0,0.0,0.0,0.0
7802077-0,test,non_relevant,0,10,1.7610421180725098,0.0,0.0,0.0,0.0
7808678-0,dev,non_relevant,0,10,3.566248655319214,0.0,0.0,0.0,0.0
7809969#0,test,relevant,1,10,0.9285953044891357,0.6509209298071326,0.2640681225725909,0.5012658353418871,0.3065735963827292
7810584-0,test,non_relevant,0,10,1.7767703533172607,0.0,0.0,0.0,0.0
7811551-0,dev,non_relevant,0,10,-3.13372540473938,0.0,0.0,0.0,0.0
7814410-0,dev,non_relevant,0,10,3.316896915435791,0.0,0.0,0.0,0.0
7815551-0,test,non_relevant,0,10,5.2263970375061035,0.0,0.0,0.0,0.0
7818367#0,dev,relevant,1,10,7.333373069763184,1.0,0.43067655807339306,1.0,1.0
7819147-0,test,non_relevant,0,10,1.345103144645691,0.0,0.0,0.0,0.0
7819428-0,test,non_relevant,0,10,2.53872013092041,0.0,0.0,0.0,0.0
7824083-0,dev,non_relevant,0,10,2.1366488933563232,0.0,0.0,0.0,0.0
7825301-0,dev,non_relevant,0,10,1.772496223449707,0.0,0.0,0.0,0.0
7826833-0,test,non_relevant,0,10,-1.4680160284042358,0.0,0.0,0.0,0.0
7829287-0,test,non_relevant,0,10,6.161930561065674,0.0,0.0,0.0,0.0
7831973-0,test,non_relevant,0,10,3.7327463626861572,0.0,0.0,0.0,0.0
7832551#0,dev,relevant,1,10,2.008760452270508,0.30078518014914984,0.14606834984270645,0.0,0.6843515475204855
7833935-0,dev,non_relevant,0,10,-0.43867647647857666,0.0,0.0,0.0,0.0
7834141-0,dev,non_relevant,0,10,2.434628486633301,0.0,0.0,0.0,0.0
7837815-0,test,non_relevant,0,10,2.0551204681396484,0.0,0.0,0.0,0.0
7837996-0,test,non_relevant,0,10,4.305429935455322,0.0,0.0,0.0,0.0
7838339-0,test,non_relevant,0,10,2.3499655723571777,0.0,0.0,0.0,0.0
7840486-0,dev,non_relevant,0,10,6.108515739440918,0.0,0.0,0.0,0.0
7840931-0,test,non_relevant,0,10,4.3061299324035645,0.0,0.0,0.0,0.0
7843060#0,dev,relevant,1,10,5.330863952636719,1.0,0.38685280723454163,0.9197207891481876,1.0
7843120-0,test,non_relevant,0,10,6.105784893035889,0.0,0.0,0.0,0.0
7843558-0,dev,non_relevant,0,10,2.7194502353668213,0.0,0.0,0.0,0.0
7845061-0,test,non_relevant,0,10,1.3324015140533447,0.0,0.0,0.0,0.0
784550#0,test,relevant,1,10,6.650893211364746,0.8772153153380493,0.0,0.38685280723454163,1.0
7848137#0,dev,relevant,1,10,5.8252058029174805,0.38685280723454163,0.0,0.0,0.0
7849601-0,test,non_relevant,0,10,5.127638339996338,0.0,0.0,0.0,0.0
7850019#0,test,relevant,1,10,5.503283977508545,1.0,0.6309297535714575,1.0,0.6309297535714575
7851948-0,test,non_relevant,0,10,5.7559967041015625,0.0,0.0,0.0,0.0
7853559-0,dev,non_relevant,0,10,0.4143623411655426,0.0,0.0,0.0,0.0
7853725#0,test,relevant,1,10,2.293292760848999,0.38685280723454163,0.6131471927654584,0.6131471927654584,0.6131471927654584
7855508-0,test,non_relevant,0,10,2.5718231201171875,0.0,0.0,0.0,0.0
7855720#0,test,relevant,1,10,5.203756332397461,0.6309297535714575,1.0,1.0,1.0
7857316-0,test,non_relevant,0,10,2.6979117393493652,0.0,0.0,0.0,0.0
7857317-0,test,non_relevant,0,10,0.2698978781700134,0.0,0.0,0.0,0.0
7863146-0,dev,non_relevant,0,10,3.6357760429382324,0.0,0.0,0.0,0.0
7865549-0,test,non_relevant,0,10,0.7473891973495483,0.0,0.0,0.0,0.0
7867929-0,test,non_relevant,0,10,0.7690762877464294,0.0,0.0,0.0,0.0
7871549-0,test,non_relevant,0,10,8.237281799316406,0.0,0.0,0.0,0.0
7872885-0,dev,non_relevant,0,10,6.86087703704834,0.0,0.0,0.0,0.0
7873330#0,test,relevant,1,10,6.289259433746338,0.7328286204777911,0.46927872602275644,0.46927872602275644,0.8529278650606567
7873384#0,test,relevant,1,10,8.9921236038208,0.787702056960637,0.8048099750039491,0.8318724637288826,0.8048099750039491
787766#0,test,relevant,1,10,4.539957046508789,0.23719771276929622,0.3065735963827292,0.23719771276929622,0.3065735963827292
7878857-0,test,non_relevant,0,10,3.0202746391296387,0.0,0.0,0.0,0.0
788063-0,test,non_relevant,0,10,2.19209623336792,0.0,0.0,0.0,0.0
788120-0,dev,non_relevant,0,10,1.3074854612350464,0.0,0.0,0.0,0.0
7882078-0,dev,non_relevant,0,10,-3.3535537719726562,0.0,0.0,0.0,0.0
788253#0,test,relevant,1,10,4.042878150939941,1.0,0.43067655807339306,1.0,1.0
7882962-0,dev,non_relevant,0,10,0.35299116373062134,0.0,0.0,0.0,0.0
7883681-0,test,non_relevant,0,10,-0.05924514681100845,0.0,0.0,0.0,0.0
7883891-0,dev,non_relevant,0,10,1.7336468696594238,0.0,0.0,0.0,0.0
788639-0,dev,non_relevant,0,10,6.784887790679932,0.0,0.0,0.0,0.0
791979-0,test,non_relevant,0,10,1.110715389251709,0.0,0.0,0.0,0.0
792924-0,dev,non_relevant,0,10,-4.694397449493408,0.0,0.0,0.0,0.0
793259-0,dev,non_relevant,0,10,-0.8611450791358948,0.0,0.0,0.0,0.0
795709#0,dev,relevant,1,10,1.5024524927139282,0.2640681225725909,0.3065735963827292,0.38685280723454163,0.3065735963827292
797902-0,test,non_relevant,0,10,6.924576759338379,0.0,0.0,0.0,0.0
801235#0,dev,relevant,1,7,7.814121246337891,0.7328286204777911,0.4367467095119258,0.4367467095119258,0.6508205185601091
80265#0,test,relevant,1,10,9.091283798217773,1.0,0.0,1.0,1.0
802963#0,dev,relevant,1,10,6.152685642242432,0.8687949224876582,0.4912596920895758,0.639945385422766,1.0
803267-0,dev,non_relevant,0,10,6.426745414733887,0.0,0.0,0.0,0.0
804034-0,dev,non_relevant,0,10,-1.2023591995239258,0.0,0.0,0.0,0.0
805112-0,dev,non_relevant,0,10,1.6884143352508545,0.0,0.0,0.0,0.0
805211-0,dev,non_relevant,0,10,4.456107139587402,0.0,0.0,0.0,0.0
806355-0,dev,non_relevant,0,10,2.741100549697876,0.0,0.0,0.0,0.0
806730-0,test,non_relevant,0,10,4.803915977478027,0.0,0.0,0.0,0.0
807863#0,dev,relevant,1,10,8.214305877685547,0.9469024295259745,0.0,0.2960819109658652,0.9469024295259745
808208-0,test,non_relevant,0,10,0.9175130128860474,0.0,0.0,0.0,0.0
808411-0,test,non_relevant,0,10,3.478693723678589,0.0,0.0,0.0,0.0
808946-0,test,non_relevant,0,10,1.2640057802200317,0.0,0.0,0.0,0.0
809753-0,test,non_relevant,0,10,1.128450870513916,0.0,0.0,0.0,0.0
810468-0,dev,non_relevant,0,10,5.984401226043701,0.0,0.0,0.0,0.0
810870-0,dev,non_relevant,0,10,0.32577162981033325,0.0,0.0,0.0,0.0
813837-0,test,non_relevant,0,10,0.4421803951263428,0.0,0.0,0.0,0.0
815271#0,dev,relevant,1,10,9.078365325927734,0.9469024295259745,0.38364913903790027,0.5307212739772434,0.9060254355346823
81632-0,test,non_relevant,0,10,2.1966605186462402,0.0,0.0,0.0,0.0
816872-0,dev,non_relevant,0,10,1.9124398231506348,0.0,0.0,0.0,0.0
817744-0,test,non_relevant,0,10,2.5846428871154785,0.0,0.0,0.0,0.0
818068-0,dev,non_relevant,0,10,1.529426097869873,0.0,0.0,0.0,0.0
818839-0,dev,non_relevant,0,10,2.090211868286133,0.0,0.0,0.0,0.0
819295#0,dev,relevant,1,9,6.874209880828857,0.6508205185601091,0.9674679834891693,0.9469024295259745,1.0
81996#0,test,relevant,1,10,3.2065184116363525,0.4367467095119258,0.8854598815714874,0.5307212739772434,0.4776237035032179
821141-0,test,non_relevant,0,10,-0.4684843420982361,0.0,0.0,0.0,0.0
821616-0,dev,non_relevant,0,10,-0.17190736532211304,0.0,0.0,0.0,0.0
82628-0,dev,non_relevant,0,10,4.704189777374268,0.0,0.0,0.0,0.0
83050-0,dev,non_relevant,0,10,3.718935489654541,0.0,0.0,0.0,0.0
833556-0,test,non_relevant,0,10,0.6258795261383057,0.0,0.0,0.0,0.0
83797#0,test,relevant,1,10,2.5906529426574707,1.0,1.0,1.0,1.0
845642#0,test,relevant,1,10,3.4145162105560303,0.7365896932159578,0.75369761125927,0.8048099750039491,0.8318724637288826
845985-0,dev,non_relevant,0,10,3.059647798538208,0.0,0.0,0.0,0.0
846238-0,dev,non_relevant,0,10,4.143771171569824,0.0,0.0,0.0,0.0
85061-0,test,non_relevant,0,10,3.48134183883667,0.0,0.0,0.0,0.0
852510#0,test,relevant,1,10,7.038629531860352,0.43067655807339306,0.38685280723454163,0.5,0.5
85475-0,dev,non_relevant,0,10,1.0917986631393433,0.0,0.0,0.0,0.0
855327-0,test,non_relevant,0,10,2.711702823638916,0.0,0.0,0.0,0.0
855591-0,dev,non_relevant,0,10,1.5171828269958496,0.0,0.0,0.0,0.0
85785-0,test,non_relevant,0,10,3.7417702674865723,0.0,0.0,0.0,0.0
86616#0,dev,relevant,1,10,3.2616846561431885,0.7653606369886217,0.18154179253735267,0.7039180890341347,0.6508205185601091
871720-0,test,non_relevant,0,10,2.8998937606811523,0.0,0.0,0.0,0.0
872029-0,test,non_relevant,0,10,-0.38883286714553833,0.0,0.0,0.0,0.0
872299-0,dev,non_relevant,0,10,0.9670386910438538,0.0,0.0,0.0,0.0
872847#0,dev,relevant,1,10,5.64078426361084,1.0,1.0,1.0,1.0
873361-0,test,non_relevant,0,10,2.5261409282684326,0.0,0.0,0.0,0.0
880614#0,test,relevant,1,10,5.092368125915527,0.9674679834891693,0.4776237035032179,0.8529278650606567,1.0
881480-0,dev,non_relevant,0,10,4.302851676940918,0.0,0.0,0.0,0.0
88217#0,test,relevant,1,10,7.791640758514404,1.0,0.5,1.0,1.0
887472-0,test,non_relevant,0,10,4.116965293884277,0.0,0.0,0.0,0.0
887627-0,dev,non_relevant,0,10,2.501403331756592,0.0,0.0,0.0,0.0
889280#0,dev,relevant,1,10,5.80488395690918,1.0,0.20210734650054757,0.6797310500037655,0.9060254355346823
890544-0,dev,non_relevant,0,10,5.149929523468018,0.0,0.0,0.0,0.0
891309-0,dev,non_relevant,0,10,4.818841934204102,0.0,0.0,0.0,0.0
891659-0,test,non_relevant,0,10,-2.317640542984009,0.0,0.0,0.0,0.0
892434-0,dev,non_relevant,0,10,7.14615535736084,0.0,0.0,0.0,0.0
893621#0,dev,relevant,1,10,6.933291435241699,1.0,0.0,0.5012658353418871,1.0
895256-0,test,non_relevant,0,10,0.5797136425971985,0.0,0.0,0.0,0.0
895829#0,test,relevant,1,10,3.3564653396606445,0.5,0.43067655807339306,0.6309297535714575,0.0
895888-0,dev,non_relevant,0,10,2.9673173427581787,0.0,0.0,0.0,0.0
897536#0,test,relevant,1,10,4.166178226470947,0.41618115554873086,0.4367467095119258,0.4367467095119258,0.7122630665145961
897817-0,dev,non_relevant,0,10,0.2934967875480652,0.0,0.0,0.0,0.0
898037#0,dev,relevant,1,10,2.478883743286133,0.8529278650606567,0.38364913903790027,0.46927872602275644,0.8854598815714874
898723#0,test,relevant,1,10,4.13443660736084,0.36331756126716835,0.9828920819566879,0.9047172294870751,0.8318724637288826
898802-0,test,non_relevant,0,10,5.669268608093262,0.0,0.0,0.0,0.0
900441#0,test,relevant,1,10,5.350187301635742,0.6713860725233041,0.18154179253735267,0.38364913903790027,1.0
901779#0,dev,relevant,1,10,4.717026710510254,0.49818925746641285,0.41618115554873086,0.2960819109658652,0.7122630665145961
902236-0,test,non_relevant,0,10,0.5872541666030884,0.0,0.0,0.0,0.0
903374#0,test,relevant,1,10,4.371024131774902,1.0,0.41618115554873086,0.7039180890341347,0.7653606369886217
903514#0,test,relevant,1,10,6.287718296051025,0.8687949224876582,0.30078518014914984,0.7227265726449519,1.0
903729-0,dev,non_relevant,0,10,4.036240100860596,0.0,0.0,0.0,0.0
90508#0,test,relevant,1,10,4.94992733001709,0.5,0.0,0.38685280723454163,0.0
905255-0,test,non_relevant,0,10,3.4975528717041016,0.0,0.0,0.0,0.0
90545#0,test,relevant,1,10,3.9238691329956055,0.4144299250118475,0.24630238874073,0.4144299250118475,0.19519002499605084
905584#0,test,relevant,1,10,1.222872018814087,0.6182885020492784,0.23463936301137822,0.6713860725233041,0.7039180890341347
906298#0,test,relevant,1,10,6.957268238067627,0.7365896932159578,0.3191471544989227,0.75369761125927,0.9828920819566879
906853-0,dev,non_relevant,0,10,6.762939929962158,0.0,0.0,0.0,0.0
907076-0,test,non_relevant,0,10,2.065110683441162,0.0,0.0,0.0,0.0
90713#0,dev,relevant,1,10,7.032179832458496,1.0,1.0,1.0,0.6309297535714575
907326#0,test,relevant,1,10,-1.0870333909988403,0.43067655807339306,0.38685280723454163,0.43067655807339306,0.0
907417-0,test,non_relevant,0,10,2.032559871673584,0.0,0.0,0.0,0.0
907613-0,test,non_relevant,0,10,6.385192394256592,0.0,0.0,0.0,0.0
907923-0,dev,non_relevant,0,10,2.417235851287842,0.0,0.0,0.0,0.0
909924#0,dev,relevant,1,10,2.1949830055236816,0.38685280723454163,0.5,0.5,0.38685280723454163
911381#0,dev,relevant,1,10,5.213081359863281,1.0,0.38364913903790027,0.7653606369886217,1.0
914659-0,dev,non_relevant,0,10,2.572183132171631,0.0,0.0,0.0,0.0
915420-0,dev,non_relevant,0,10,5.98513650894165,0.0,0.0,0.0,0.0
915671-0,test,non_relevant,0,10,-2.723336696624756,0.0,0.0,0.0,0.0
917016-0,test,non_relevant,0,10,3.6120657920837402,0.0,0.0,0.0,0.0
919080#0,test,relevant,1,10,6.68005895614624,0.7653606369886217,0.5307212739772434,0.7039180890341347,0.7653606369886217
92020#0,test,relevant,1,10,4.001742839813232,0.7039180890341347,0.0,0.20210734650054757,0.7653606369886217
920215-0,dev,non_relevant,0,10,6.904729843139648,0.0,0.0,0.0,0.0
920399-0,dev,non_relevant,0,10,0.5540746450424194,0.0,0.0,0.0,0.0
92281-0,dev,non_relevant,0,10,3.4765048027038574,0.0,0.0,0.0,0.0
92327#0,test,relevant,1,10,10.233305931091309,1.0,1.0,1.0,1.0
923297#0,test,relevant,1,10,6.087064743041992,0.7653606369886217,0.20210734650054757,0.6508205185601091,0.9060254355346823
923570#0,test,relevant,1,10,5.687114238739014,1.0,0.0,0.6713860725233041,0.9674679834891693
9248#0,test,relevant,1,10,2.882081985473633,0.9197207891481876,0.23719771276929622,0.5012658353418871,1.0
925352-0,dev,non_relevant,0,10,4.067340850830078,0.0,0.0,0.0,0.0
926129-0,test,non_relevant,0,10,3.263712167739868,0.0,0.0,0.0,0.0
92620#0,test,relevant,1,10,3.4089252948760986,0.43067655807339306,0.0,0.0,0.0
92621#0,test,relevant,1,10,9.316167831420898,1.0,0.0,0.5,1.0
928098#0,dev,relevant,1,10,4.787322521209717,0.38685280723454163,0.6309297535714575,0.6309297535714575,0.0
930782#0,dev,relevant,1,10,6.704730033874512,1.0,0.0,0.6934264036172708,0.6131471927654584
932012-0,test,non_relevant,0,10,5.276736736297607,0.0,0.0,0.0,0.0
932221-0,test,non_relevant,0,10,4.38270902633667,0.0,0.0,0.0,0.0
935173-0,dev,non_relevant,0,10,2.933096408843994,0.0,0.0,0.0,0.0
935930#0,test,relevant,1,10,2.766495704650879,0.6509209298071326,0.2640681225725909,0.38685280723454163,1.0
936079-0,dev,non_relevant,0,10,2.929513931274414,0.0,0.0,0.0,0.0
936404#0,test,relevant,1,10,4.149133205413818,1.0,1.0,1.0,1.0
936485#0,test,relevant,1,10,7.868334770202637,1.0,0.5147714448836774,0.830419897363192,1.0
9372#0,test,relevant,1,10,4.537173271179199,1.0,0.5,1.0,1.0
938091-0,dev,non_relevant,0,10,1.543297529220581,0.0,0.0,0.0,0.0
939887#0,test,relevant,1,10,7.47401762008667,0.9674679834891693,0.8854598815714874,0.9674679834891693,1.0
940768-0,test,non_relevant,0,10,-2.1482419967651367,0.0,0.0,0.0,0.0
941664-0,dev,non_relevant,0,10,3.786201238632202,0.0,0.0,0.0,0.0
941665#0,test,relevant,1,10,2.6899452209472656,0.5,0.43067655807339306,0.5,0.38685280723454163
942417#0,dev,relevant,1,10,6.909058094024658,1.0,0.8539316501572937,1.0,1.0
944233-0,test,non_relevant,0,10,1.6712490320205688,0.0,0.0,0.0,0.0
945222-0,test,non_relevant,0,10,0.8227505683898926,0.0,0.0,0.0,0.0
946092#0,test,relevant,1,10,7.751515865325928,1.0,0.43067655807339306,1.0,1.0
947543#0,test,relevant,1,10,7.587691307067871,1.0,0.43067655807339306,0.5,1.0
948771-0,test,non_relevant,0,10,-1.8798511028289795,0.0,0.0,0.0,0.0
948887-0,dev,non_relevant,0,10,1.6818612813949585,0.0,0.0,0.0,0.0
949268#0,test,relevant,1,10,4.537892818450928,0.2640681225725909,0.6131471927654584,0.23719771276929622,0.0
953666#0,test,relevant,1,10,3.966930389404297,1.0,0.0,0.43067655807339306,1.0
954282#0,dev,relevant,1,10,5.474461078643799,1.0,0.0,0.38685280723454163,1.0
95448-0,test,non_relevant,0,10,2.4946160316467285,0.0,0.0,0.0,0.0
954776#0,test,relevant,1,10,3.740525484085083,1.0,0.6164336326286644,0.8539316501572937,1.0
95653#0,test,relevant,1,10,4.6466288566589355,0.8687949224876582,0.639945385422766,0.7860137352654724,0.8539316501572937
957357-0,dev,non_relevant,0,10,3.2585673332214355,0.0,0.0,0.0,0.0
957423-0,test,non_relevant,0,10,1.476820707321167,0.0,0.0,0.0,0.0
957639-0,test,non_relevant,0,10,0.33604955673217773,0.0,0.0,0.0,0.0
957767-0,dev,non_relevant,0,10,2.8401942253112793,0.0,0.0,0.0,0.0
95803-0,dev,non_relevant,0,10,4.2845001220703125,0.0,0.0,0.0,0.0
958666-0,test,non_relevant,0,10,-1.0883487462997437,0.0,0.0,0.0,0.0
958912-0,dev,non_relevant,0,10,6.5477447509765625,0.0,0.0,0.0,0.0
959665-0,test,non_relevant,0,10,3.5220673084259033,0.0,0.0,0.0,0.0
960396-0,test,non_relevant,0,10,-0.5939412117004395,0.0,0.0,0.0,0.0
962694#0,dev,relevant,1,10,6.636037349700928,0.5437713091520254,0.9197207891481876,0.9197207891481876,0.6240505200038379
962929#0,test,relevant,1,10,7.4208760261535645,1.0,0.43067655807339306,1.0,1.0
963709-0,test,non_relevant,0,10,0.747435986995697,0.0,0.0,0.0,0.0
968374#0,dev,relevant,1,10,2.4372427463531494,1.0,0.4144299250118475,0.8318724637288826,0.75369761125927
968508-0,test,non_relevant,0,10,4.6772284507751465,0.0,0.0,0.0,0.0
969568-0,dev,non_relevant,0,10,2.899536371231079,0.0,0.0,0.0,0.0
970029#0,test,relevant,1,10,6.682085037231445,0.8687949224876582,0.7227265726449519,0.8687949224876582,0.7227265726449519
970815-0,test,non_relevant,0,10,2.220203399658203,0.0,0.0,0.0,0.0
97130#0,test,relevant,1,10,1.9115445613861084,0.0,0.6309297535714575,0.5,0.5
972202#0,test,relevant,1,10,1.0846304893493652,0.9060254355346823,0.2960819109658652,0.6508205185601091,0.6797310500037655
972327-0,test,non_relevant,0,10,0.159297913312912,0.0,0.0,0.0,0.0
972372-0,dev,non_relevant,0,10,3.0280380249023438,0.0,0.0,0.0,0.0
974041-0,dev,non_relevant,0,10,0.6614238023757935,0.0,0.0,0.0,0.0
974365-0,dev,non_relevant,0,10,6.4804792404174805,0.0,0.0,0.0,0.0
974434-0,test,non_relevant,0,10,1.3655864000320435,0.0,0.0,0.0,0.0
974483-0,test,non_relevant,0,10,0.6313489675521851,0.0,0.0,0.0,0.0
975966#0,dev,relevant,1,10,2.20936918258667,1.0,0.6309297535714575,1.0,0.6309297535714575
977323-0,test,non_relevant,0,10,3.9075801372528076,0.0,0.0,0.0,0.0
977745-0,test,non_relevant,0,10,5.089592933654785,0.0,0.0,0.0,0.0
980329#0,test,relevant,1,10,4.348761081695557,0.8687949224876582,0.4912596920895758,0.8539316501572937,0.6843515475204855
98143#0,test,relevant,1,10,4.3048095703125,0.830419897363192,0.7227265726449519,0.8539316501572937,0.30078518014914984
98206#0,dev,relevant,1,10,3.5435996055603027,0.8772153153380493,0.3065735963827292,0.5706417189553201,0.9197207891481876
98379-0,dev,non_relevant,0,10,0.5292086601257324,0.0,0.0,0.0,0.0
983852-0,dev,non_relevant,0,10,-0.22433246672153473,0.0,0.0,0.0,0.0
984155-0,dev,non_relevant,0,10,8.295219421386719,0.0,0.0,0.0,0.0
984305-0,test,non_relevant,0,10,4.137812614440918,0.0,0.0,0.0,0.0
984438-0,test,non_relevant,0,10,2.6541097164154053,0.0,0.0,0.0,0.0
985805-0,test,non_relevant,0,10,6.693777561187744,0.0,0.0,0.0,0.0
986115-0,test,non_relevant,0,10,2.842625141143799,0.0,0.0,0.0,0.0
986329-0,dev,non_relevant,0,10,4.023890018463135,0.0,0.0,0.0,0.0
986708-0,test,non_relevant,0,10,2.8002090454101562,0.0,0.0,0.0,0.0
988386-0,test,non_relevant,0,10,0.8534320592880249,0.0,0.0,0.0,0.0
988482-0,dev,non_relevant,0,10,2.185619354248047,0.0,0.0,0.0,0.0
989189#0,test,relevant,1,10,4.488738059997559,0.20210734650054757,0.46927872602275644,0.46927872602275644,0.23463936301137822
98923-0,dev,non_relevant,0,10,4.309866428375244,0.0,0.0,0.0,0.0
989452#0,test,relevant,1,10,8.016361236572266,1.0,1.0,1.0,1.0
989650#0,test,relevant,1,10,7.661067962646484,1.0,1.0,1.0,1.0
989912#0,test,relevant,1,10,2.946964740753174,0.6309297535714575,0.43067655807339306,1.0,1.0
990535-0,test,non_relevant,0,10,1.5189313888549805,0.0,0.0,0.0,0.0
990973-0,dev,non_relevant,0,10,2.4751996994018555,0.0,0.0,0.0,0.0
991103-0,dev,non_relevant,0,10,1.9477005004882812,0.0,0.0,0.0,0.0
991886-0,test,non_relevant,0,10,5.589831829071045,0.0,0.0,0.0,0.0
992047-0,dev,non_relevant,0,10,3.7255351543426514,0.0,0.0,0.0,0.0
992104-0,test,non_relevant,0,10,5.589831829071045,0.0,0.0,0.0,0.0
992345-0,test,non_relevant,0,10,3.79274320602417,0.0,0.0,0.0,0.0
992843#0,dev,relevant,1,10,5.049810409545898,0.5,0.5,0.6309297535714575,1.0
993578-0,test,non_relevant,0,10,2.6483781337738037,0.0,0.0,0.0,0.0
994091-0,dev,non_relevant,0,10,3.133347988128662,0.0,0.0,0.0,0.0
994258-0,dev,non_relevant,0,10,1.642754077911377,0.0,0.0,0.0,0.0
994690-0,test,non_relevant,0,10,4.9821271896362305,0.0,0.0,0.0,0.0
994769-0,test,non_relevant,0,10,4.157885551452637,0.0,0.0,0.0,0.0
995394#0,test,relevant,1,10,1.8831654787063599,1.0,1.0,1.0,1.0
996404-0,test,non_relevant,0,10,2.7093300819396973,0.0,0.0,0.0,0.0
997534-0,test,non_relevant,0,10,1.2893027067184448,0.0,0.0,0.0,0.0
997693-0,test,non_relevant,0,10,5.678284645080566,0.0,0.0,0.0,0.0
997757-0,test,non_relevant,0,10,1.2622218132019043,0.0,0.0,0.0,0.0
998123#0,test,relevant,1,10,7.789272785186768,1.0,1.0,1.0,1.0
998138#0,test,relevant,1,10,4.753653049468994,0.6548086577531307,0.16958010263680806,0.34519134224686937,0.7227265726449519
